YEAR,STRAT,abundance_mean,abundance_n,abundance_sd,abundance_se,abundance_min,abundance_max,biomass_mean,biomass_n,biomass_sd,biomass_se,biomass_min,biomass_max,richness_mean,richness_n,richness_sd,richness_se,richness_min,richness_max,simpson_mean,simpson_n,simpson_sd,simpson_se,simpson_min,simpson_max,shannon_mean,shannon_n,shannon_sd,shannon_se,shannon_min,shannon_max,func.div_mean,func.div_n,func.div_sd,func.div_se,func.div_min,func.div_max,evenness_mean,evenness_n,evenness_sd,evenness_se,evenness_min,evenness_max
1999,OFPR,239.125375,8,69.7131595,24.64732391,140.501,376.001,6.810964302,8,4.193330401,1.482566181,2.474497764,14.55092602,41.75,8,7.592289322,2.684279632,30,53,11.09526312,8,4.86450225,1.719861264,6.001601596,21.78255873,18.67314287,8,5.661570926,2.001667597,12.13376012,30.14900256,3.05684663,8,0.411084547,0.145340335,2.420574849,3.66183043,0.62909134,8,0.101959666,0.036048186,0.462912249,0.800257525
1999,INPR,225.4375,8,92.94600487,32.86137516,94,377.5,10.15672544,8,6.913493174,2.444288953,4.021342234,25.33085916,33.75,8,8.137216091,2.876940339,17,44,7.542925912,8,3.208572431,1.134401662,3.709487825,11.78965828,12.51680685,8,4.112527847,1.453998164,6.74003798,17.46643353,2.793939642,8,0.38621188,0.13654652,2.305309132,3.357372074,0.55321176,8,0.115926845,0.040986329,0.369270642,0.699651301
1999,HRRF,430.4084103,39,281.2671812,45.03879444,46,1512,16.40830373,39,24.82154766,3.974628602,0.834963277,147.1759942,45.69230769,39,10.85588331,1.738332552,12,67,8.82878266,39,3.155268106,0.505247257,3.252102821,15.52816901,15.35510224,39,4.647199944,0.744147547,7.069211836,25.28879782,2.66777412,39,0.473129341,0.075761328,1.84670913,3.939733046,0.55958206,39,0.103853855,0.016629926,0.306300415,0.73378763
1999,FSLR,360.7220714,14,249.8411055,66.77284413,137,1085.606,10.42797716,14,6.317474545,1.688416093,2.333592093,23.9836378,40.71428571,14,10.26891179,2.744482119,31,67,9.563576343,14,3.796453316,1.014644828,3.75335083,16.91158357,15.10748145,14,4.360239676,1.165323071,8.147884689,24.13348635,2.655339777,14,0.496122045,0.132594194,1.806486402,3.403153691,0.591748276,14,0.12015553,0.032112916,0.37201674,0.761530611
1999,MCPR,222.8336667,21,150.9018524,32.92948386,49.5,687.5,7.025240876,21,6.061705334,1.322772549,0.86646093,25.11406682,36.71428571,21,8.204528366,1.79037487,19,50,8.632824327,21,3.395454865,0.740948997,1.44164279,13.99411072,14.32422265,21,5.086222168,1.109904671,2.360892028,21.80665846,2.635613742,21,0.52193108,0.113894699,1.363388448,3.653992633,0.572438718,21,0.146257503,0.031916004,0.112269015,0.715294878
1999,FMLR,331.6441831,71,319.1928446,37.88122134,39,2161,5.93382403,71,6.67622445,0.792322072,0.31562061,35.08575003,37.88732394,71,8.403314475,0.997289949,18,65,8.294437206,71,2.834564143,0.336400873,2.035151407,15.24656716,14.01037029,71,3.664399444,0.434884205,4.150865409,23.51435095,2.358441984,71,0.417277011,0.04952167,1.645880079,3.784079889,0.569401398,71,0.099096701,0.011760615,0.199859537,0.772568305
2000,HRRF,460.2777805,41,227.9147626,35.59430587,180.5,1328,27.55380622,41,23.85319618,3.725243381,3.18849624,116.256904,48.56097561,41,6.115753349,0.955120207,34,60,9.466376998,41,2.819229439,0.440289667,4.403693101,15.24695573,16.07208551,41,3.352480755,0.523569531,8.590735323,21.3606736,2.802833869,41,0.369478589,0.057702861,2.010581609,3.65646989,0.568230584,41,0.079699566,0.012446981,0.387198324,0.71157875
2000,OFPR,405.50025,16,303.5099147,75.87747868,110,1236,13.00661402,16,19.75059473,4.937648683,0.82052067,77.02716917,41.6875,16,8.014310118,2.003577529,26,53,11.30134308,16,4.190038738,1.047509684,4.203578253,22.01677852,17.52989287,16,5.056766638,1.26419166,8.393058002,28.70962809,2.766881763,16,0.565967873,0.141491968,1.707447865,3.609555024,0.634293731,16,0.080250028,0.020062507,0.440728539,0.798668117
2000,MCPR,295.7151333,30,214.5162989,39.16513862,68,980,9.695330099,30,7.567243326,1.381583289,1.524028672,38.09737121,36.53333333,30,6.796212603,1.240812983,21,55,8.310274245,30,3.337329042,0.609310133,2.050862329,17.33204239,13.82860708,30,4.370018631,0.797852594,4.720242741,25.02617875,2.753776975,30,0.52010199,0.094957197,1.598088704,3.716281353,0.565531387,30,0.13021218,0.023773383,0.200434368,0.745057229
2000,INPR,171.9117647,17,183.5847246,44.52583593,17,803,5.556263833,17,6.28268345,1.523774558,0.031576711,19.91819584,23.11764706,17,8.608733595,2.087924583,11,38,6.772837628,17,2.589288829,0.627994785,2.989490488,11.77204516,10.32301727,17,3.500441777,0.848981834,4.798290197,16.39531614,2.738824131,17,0.448792288,0.108848118,1.68420067,3.634328659,0.598400717,17,0.096731637,0.023460868,0.386523299,0.775112774
2000,FMLR,355.0672371,97,283.725332,28.80794278,95.5,1675,11.51085087,97,21.98145954,2.231879065,0.907652567,186.1390371,39.22680412,97,7.539486547,0.765518875,18,55,8.30939004,97,3.070752989,0.311787727,2.222841546,17.49284737,13.79288716,97,4.070037717,0.413249719,4.370425508,25.15157871,2.545050122,97,0.439391038,0.044613401,1.428646635,3.656262769,0.560632908,97,0.112639974,0.011436857,0.22121421,0.779045591
2000,FSLR,283.8706667,27,243.3171929,46.82641561,96.5,1196,9.428487677,27,12.90234903,2.483058229,0.095966781,55.83183893,31.7037037,27,11.7859591,2.268208886,15,54,8.260525711,27,2.315397585,0.445598473,2.782475536,13.00367309,12.89272914,27,3.704099205,0.712854224,5.140258014,20.49087369,2.435902607,27,0.549533259,0.105757725,1.4377521,3.899724242,0.610849976,27,0.080036743,0.015403078,0.377888494,0.737162039
2001,HRRF,1529.934775,80,5560.12139,621.6404695,129.5,50114.504,58.80433498,80,145.3786184,16.25382366,0.54441678,1231.032642,49.4,80,9.031029491,1.009699792,25,67,9.40972258,80,3.687316514,0.412254519,1.024968054,18.1010326,15.56961564,80,5.140640036,0.574741028,1.107066907,27.19308981,2.72864627,80,0.538599105,0.060217211,1.019623939,3.693895701,0.548793922,80,0.140364526,0.015693231,0.006023295,0.777648748
2001,MCPR,331.0929444,54,312.7426864,42.55888902,17.5,1361.001,27.35803222,54,47.42796109,6.454128011,1.429858554,278.5223516,34.42592593,54,7.484832088,1.018556635,17,54,8.028668837,54,3.81729438,0.519467968,1.571762917,15.5183757,12.72852967,54,5.013454064,0.682244684,2.677402983,22.41525205,2.706428354,54,0.63665055,0.086637166,1.440004951,4.14303778,0.552832665,54,0.162186668,0.02207081,0.140483166,0.770121647
2001,OFPR,486.8669333,15,541.9269488,139.9249365,108,2075,11.95972959,15,9.183125552,2.371072822,2.615580124,32.01127848,40.66666667,15,9.301817539,2.401718961,26,57,8.873534737,15,3.726454586,0.962166437,2.485277686,14.99471715,14.51376827,15,4.748965086,1.226177513,5.378162893,21.48163443,2.578167701,15,0.41440741,0.106999533,1.970483895,3.161683351,0.565727451,15,0.136117128,0.035145291,0.262681411,0.749864166
2001,FDLR,646.4643571,14,554.1323857,148.0981096,67,2283.5,26.38110362,14,38.22088906,10.21496228,4.278407228,154.673298,43.64285714,14,10.79606155,2.885368818,17,59,3.947465408,14,2.049398268,0.547724726,1.701741823,8.831054107,7.433682171,14,3.008598436,0.804081754,3.351067691,13.6042136,2.532546158,14,0.742748588,0.19850791,1.637444206,4.203434551,0.342498057,14,0.156649425,0.04186632,0.139663637,0.607859041
2001,INPR,215.0835833,12,130.8298271,37.76731794,10.5,394.5,9.3389195,12,8.613605536,2.486533737,0.073019227,25.98218009,29.25,12,9.891456369,2.855417499,8,38,6.373971821,12,3.146137435,0.908211647,2.529583288,12.63284599,10.00273937,12,3.924585046,1.132930117,4.7933278,17.15802785,2.488724927,12,0.434445548,0.125413627,1.692793641,3.160955809,0.537758941,12,0.140329115,0.040509526,0.265423302,0.731821558
2001,FMLR,552.2676512,86,1144.918751,123.459764,95,10271.5,20.33557384,86,29.47186577,3.178033017,0.507824343,188.3127518,38.61627907,86,7.998777266,0.862530335,13,53,6.615442951,86,3.203367465,0.345427997,1.054967777,15.45774121,11.26434222,86,4.554642137,0.491139693,1.220816008,22.30567244,2.400183875,86,0.563250935,0.06073691,1.042062423,3.736794234,0.486339386,86,0.149296619,0.016099068,0.013822641,0.742260614
2001,FSLR,628.2387727,44,684.8084768,103.2387623,26.5,4256,14.12919525,44,19.38230385,2.921992247,0.205634945,98.86495251,37.95454545,44,11.81436757,1.781082926,8,58,7.76703937,44,3.367016547,0.507596843,1.613082952,15.46346629,12.49633435,44,4.939816229,0.744705317,3.184271678,22.62942781,2.262533519,44,0.509245363,0.076771627,1.314798041,3.376677348,0.543267188,44,0.119870548,0.018071165,0.127126239,0.737424824
2002,HRRF,501.5970755,53,706.0269263,96.98025676,63.5,5159.5,49.38931555,53,73.09440225,10.04028831,1.472247179,451.5801106,43.52830189,53,9.303853159,1.277982517,24,64,10.27584038,53,3.348632699,0.459970076,1.064630203,17.99691411,16.28190912,53,4.440524108,0.609952896,1.234692916,26.46945896,2.831359545,53,0.505884371,0.069488563,1.048619641,3.70994636,0.602109827,53,0.118500537,0.016277301,0.017615016,0.788851209
2002,MCPR,207.6357778,45,272.8856356,40.67938875,23,1656.5,12.0811355,45,12.03566214,1.79417058,0.945209416,49.3579521,31.95555556,45,9.117803652,1.359201918,12,49,8.893665142,45,3.729419742,0.555949071,1.171128673,17.34249264,13.94099247,45,4.807574854,0.716670945,1.617987217,22.40982561,2.726493384,45,0.510073015,0.076037196,1.164065148,3.735000609,0.611304332,45,0.167628771,0.024988622,0.04282275,0.839264641
2002,OFPR,233.7291667,24,117.4909783,23.98274552,77.5,550.5,20.25032129,24,23.90209869,4.878995465,1.028338291,101.9869757,35.75,24,10.11348648,2.064406782,18,59,9.623467147,24,3.201622983,0.653528555,3.150598838,14.94915254,15.57952485,24,4.933208689,1.006987007,6.294219368,23.72814114,2.670218413,24,0.379352732,0.077435052,2.010125338,3.383507399,0.620582286,24,0.08934668,0.018237815,0.397039771,0.75474824
2002,FDLR,321.2222778,18,281.4090775,66.32875567,86,1247,23.76190944,18,16.07242947,3.788307955,2.795598302,63.99447337,38.66666667,18,8.574929257,2.021130209,14,52,8.136529082,18,3.565301587,0.840349643,1.542699798,13.11678045,13.89782158,18,5.34558468,1.259966392,2.762019911,22.63890851,2.628200752,18,0.582639942,0.137329551,1.502954064,4.172570739,0.543811103,18,0.159453063,0.037583447,0.117524577,0.741346585
2002,INPR,832.7124444,18,2404.739722,566.8025881,1.332,10414,27.15651905,18,37.53078021,8.84608973,0.765342206,119.9397548,28,18,13.12832591,3.094376092,2,48,6.703865896,18,4.304727822,1.014634078,1.084360561,14.95740149,10.12001341,18,5.878492694,1.385574016,1.300561153,19.46499656,2.435526707,18,0.751566475,0.177145917,1.069747473,3.332871443,0.547634745,18,0.231992649,0.054681192,0.02242933,1
2002,FMLR,280.9241955,179,198.6288259,14.84621549,58.5,1495.5,25.48698614,179,180.8442884,13.51693675,0.60304507,2423.049391,36.4301676,179,9.586940173,0.716561552,14,56,7.49982332,179,2.851202048,0.213108847,1.462445165,15.72093023,12.78341306,179,4.045074579,0.302343069,2.50560176,24.02471345,2.385469015,179,0.533298075,0.03986057,1.32048514,4.100388401,0.545837713,179,0.121175754,0.009057101,0.114071572,0.817875698
2002,FSLR,212.7698947,19,158.2741513,36.31058058,84,550.5,10.95869399,19,14.06787986,3.227392982,0.655402921,55.19583157,28.21052632,19,12.17729649,2.79366341,12,52,7.888728481,19,3.09080945,0.709080318,3.470071384,14.55085044,12.18090779,19,4.937638072,1.132771862,6.299236123,25.22460441,2.242263894,19,0.49508424,0.113580114,1.620979526,3.088542231,0.618443816,19,0.10486993,0.024058812,0.328782457,0.761670511
2003,FDLR,365.6923077,13,176.1460732,48.85413068,126.5,733,10.22883808,13,7.532318965,2.089089404,2.670177292,31.02527609,44.38461538,13,7.159358229,1.985648707,31,53,7.810734131,13,2.666704099,0.739610643,3.057042636,12.76577469,13.91358445,13,3.800450407,1.054055293,6.899005022,19.08042349,3.066959154,13,0.516184058,0.143163699,2.265863761,3.943768616,0.528860475,13,0.101799624,0.028234136,0.28145235,0.710689069
2003,HRRF,446.4533729,59,265.8383527,34.60920563,79,1477.5,53.12975397,59,63.0956001,8.214347465,2.115872556,279.7439359,46.3559322,59,8.999545414,1.171641017,20,61,9.064021731,59,3.540699213,0.460959775,1.958227661,16.25091136,15.2661844,59,4.844609831,0.630714478,4.377106812,24.62511728,2.819332593,59,0.546624219,0.071164412,1.560836728,4.031654794,0.55212861,59,0.120934157,0.015744286,0.169267103,0.73470793
2003,FSLR,333.6138438,32,264.366392,46.73381712,51.5,1465.5,15.1895832,32,22.07053176,3.901555668,0.077723971,108.7213529,36.53125,32,11.64525204,2.058609172,11,59,8.411487889,32,3.441257028,0.608334045,2.683412898,15.77964519,13.27159266,32,4.648374645,0.821724308,5.020141761,21.84144395,2.558331111,32,0.535776833,0.094712858,1.466112263,3.780630306,0.578435945,32,0.120845421,0.021362654,0.269256843,0.814140165
2003,MCPR,342.7424242,33,600.4540876,104.5256401,40.5,3205,12.40026503,33,17.85852816,3.108770721,1.346518018,84.74048415,30.24242424,33,9.027839938,1.571545215,13,50,7.216235574,33,3.506757083,0.610448053,1.579429974,19.20033058,11.14858621,33,4.550361735,0.792116305,2.312150808,25.61017882,2.551504849,33,0.513180899,0.089333328,1.43832756,3.531524754,0.553497408,33,0.152630521,0.026569563,0.129613522,0.806572342
2003,INPR,209.25,15,194.6609461,50.26124015,5.5,636.5,23.59524939,15,44.32562561,11.44482732,0.38574576,179.2006126,25.4,15,10.06266082,2.598167853,5,38,6.466276644,15,2.811671691,0.725970509,2.027111575,13.56576775,9.815603363,15,3.928324323,1.014288979,3.867635739,20.36198381,2.526013026,15,0.655073987,0.169139376,1.700765184,4.217562681,0.580037627,15,0.171204135,0.044204718,0.254856375,0.84613599
2003,OFPR,587.2999333,15,1416.391875,365.7108095,78,5697.5,33.76553019,15,49.09666324,12.67670394,2.479986639,155.1118814,33.73333333,15,8.947997914,2.310363127,16,50,9.116071093,15,3.296074011,0.85104265,1.281001974,14.92895204,13.86446295,15,4.789590566,1.236666966,1.615758589,20.6728547,2.49919804,15,0.502108519,0.129643862,1.242145687,3.10846074,0.607300845,15,0.166096672,0.042885976,0.072810406,0.766598423
2003,FMLR,395.2617429,70,921.2862134,110.114764,42.5,7839,17.9022269,70,21.91691897,2.619572859,1.419646332,104.4425751,38.04285714,70,9.089627333,1.086418264,16,63,7.797993816,70,2.817140082,0.336712642,1.965618584,13.87940102,13.17341937,70,3.936391891,0.470488821,2.469540249,21.53427349,2.4599461,70,0.464432324,0.05551028,1.19992617,4.006162414,0.54961527,70,0.114338628,0.01366608,0.173648048,0.783017991
2004,HRRF,499.4821667,42,286.593406,44.22232262,107.5,1430.5,40.54623577,42,36.2530963,5.593974206,2.217834607,159.6730132,51.07142857,42,9.163535523,1.413964229,24,66,10.55132864,42,3.612868104,0.557477651,4.046284326,18.88471407,17.42474324,42,4.976467165,0.767885555,7.472700802,29.66743605,3.028420943,42,0.512762305,0.079120941,2.050490464,4.148852567,0.585240734,42,0.085976253,0.013266424,0.35722632,0.721432079
2004,FDLR,326.6111111,9,181.683237,60.561079,114,612.5,22.39277002,9,21.24858286,7.082860952,6.496656202,70.88161851,42,9,9.04157066,3.013856887,32,57,6.770139565,9,3.050790082,1.016930027,3.507928122,12.21428571,12.80020935,9,3.48927605,1.163092017,8.597483629,18.07874025,3.01694994,9,0.503422633,0.167807544,2.140710888,3.872475754,0.494348382,9,0.133470703,0.044490234,0.31318224,0.693066497
2004,INPR,114.1666667,3,57.81507877,33.37955129,58,173.5,5.81962817,3,4.160138106,2.401856855,1.180859181,9.219806703,31,3,6.244997998,3.605551275,26,38,8.780887275,3,3.516173268,2.030063583,4.834343759,11.58003442,13.83131902,3,4.698166538,2.712487715,8.406370228,16.55851607,2.914612108,3,0.466956339,0.269597368,2.415311368,3.340535847,0.616909251,3,0.142423608,0.082228309,0.467955734,0.75175257
2004,OFPR,391,12,200.6867754,57.9332819,160,869.5,21.55885987,12,17.65816246,5.097472424,1.852042102,55.41087544,43,12,8.03401858,2.319221395,25,54,8.964901813,12,2.749357928,0.79367127,2.234685003,12.76140219,15.0171687,12,4.275118822,1.234120501,5.165443908,21.02571009,2.837764801,12,0.507238905,0.146427259,1.833390325,3.783897353,0.568699362,12,0.124751729,0.036012722,0.212489425,0.706485392
2004,FMLR,504.530303,33,689.8305039,120.0840771,56.5,4185.5,26.40492987,33,29.47083497,5.130213871,1.054687427,137.4588225,42.09090909,33,11.46833585,1.996381023,14,60,8.579719027,33,3.461704951,0.602605483,1.401111866,14.54867682,14.23972417,33,4.898627952,0.852741671,2.310161921,23.13757171,2.696580268,33,0.566339972,0.098587135,1.331187031,3.525208923,0.555374876,33,0.137122167,0.023869905,0.085778502,0.719236217
2004,MCPR,677.1363636,11,1624.460004,489.79312,104.5,5572.5,6.719064579,11,6.423760478,1.936836659,1.396377115,23.91128045,31.27272727,11,6.634619945,2.00041318,19,41,7.740807132,11,3.41080195,1.028395482,1.229686737,13.31328286,12.50360946,11,4.831166206,1.456651419,1.4735797,18.73996835,2.675128434,11,0.691624432,0.208532612,1.221224951,3.605151826,0.549668596,11,0.180008737,0.054274676,0.070220321,0.746958892
2004,FSLR,227.5882353,17,136.7277445,33.16134896,43,519.5,12.31906615,17,26.40387737,6.403880902,0.289140739,112.0977759,33.47058824,17,12.38505979,3.003818216,12,58,8.348773451,17,2.259008308,0.547889992,3.836367128,11.39490922,13.21185108,17,3.621904239,0.878440808,7.456335015,18.89682589,2.37117154,17,0.476524082,0.115574066,1.742126661,3.18084071,0.609919385,17,0.088298844,0.021415615,0.359723035,0.727821732
2005,FDLR,477.66,25,351.6944614,70.33889228,80,1575,20.0123039,25,17.57688541,3.515377083,2.224117095,72.1795321,42,25,9.609023537,1.921804707,22,56,7.410379359,25,3.53483395,0.70696679,1.46052369,13.3875132,13.14143655,25,5.386279153,1.077255831,2.562098731,21.39906522,2.913722123,25,0.669765802,0.13395316,1.435316766,4.097954953,0.497857096,25,0.163801516,0.032760303,0.10134525,0.670696417
2005,HRRF,442.9255319,47,405.0569603,59.08363007,64,2649.5,55.08326884,47,98.06470279,14.30420704,2.398033899,549.004792,46.27659574,47,9.694691796,1.414116136,22,69,8.858770293,47,3.32998479,0.485728203,3.033611647,16.53000201,15.303456,47,4.522440552,0.659665753,6.444218494,24.6709112,2.860361442,47,0.492951674,0.071904392,1.7420453,3.93529065,0.553616667,47,0.10311947,0.015041521,0.296910638,0.760441502
2005,MCPR,225.2984419,43,138.9248482,21.18584074,20,723,9.438080571,43,15.63297572,2.384006447,0.212314881,93.94962124,29.6744186,43,8.382864979,1.278374925,8,51,8.590090486,43,3.357811531,0.512061458,2.571428571,17.20209621,13.01980018,43,4.31033809,0.657320396,3.958063315,24.27179245,2.802533213,43,0.497801052,0.075913949,1.622526682,3.739526758,0.618977077,43,0.120704527,0.018407268,0.372927392,0.887595105
2005,OFPR,311.2,20,262.3416515,58.66137661,30,1139.5,11.0875741,20,12.23759157,2.736408662,0.436855394,54.02230079,35,20,9.290629122,2.077447827,15,52,9.674316332,20,3.027050145,0.67686899,3.46525147,14.60946985,14.57315386,20,3.81592432,0.853266618,6.271721622,21.5774462,2.792144805,20,0.499891173,0.111779064,2.032296977,3.761486121,0.634380469,20,0.12519223,0.027993834,0.33250269,0.817101871
2005,INPR,181.875,8,150.8664854,53.33935745,3,378,5.354584678,8,5.478846205,1.937064652,0.03737803,14.01426805,23.625,8,13.64799828,4.825296068,5,38,6.10898865,8,2.831250429,1.000998189,2.535044843,10.89104632,9.028261725,8,4.609017952,1.629533924,4.762203156,15.77053674,2.584018068,8,0.415325569,0.146839763,2.061397943,3.206231373,0.62628244,8,0.23663447,0.083662919,0.26604013,0.940176913
2005,FMLR,302.9061728,81,168.3833404,18.70926005,31,913.5,14.3785662,81,14.74337733,1.638153036,0.042888534,75.93213971,35.07407407,81,9.929473523,1.103274836,9,56,8.031067038,81,3.327175129,0.369686125,2.10679895,17.69024448,12.9558262,81,4.381737925,0.486859769,4.87864801,25.14941887,2.431107721,81,0.546224621,0.060691625,1.479674654,3.763505787,0.570952973,81,0.120130568,0.013347841,0.216998394,0.778830906
2005,FSLR,268.140625,32,266.0671827,47.03447729,27.5,1297.5,12.08475701,32,20.31310976,3.590884415,0.187087035,109.7680671,29.0625,32,9.918823747,1.753416883,5,47,8.262246183,32,3.416813386,0.604012979,1.591445504,14.91604648,12.33168105,32,4.863676361,0.859784634,2.6857211,21.3193468,2.359192566,32,0.639357794,0.113023558,1.278630741,3.270339719,0.605968187,32,0.139598482,0.024677758,0.128677178,0.734572122
2006,HRRF,362.4558824,51,219.5823505,30.74767922,67.5,1125,20.07114676,51,23.54125676,3.296435299,1.791026125,125.2268125,42.29411765,51,9.708334806,1.359438788,23,59,9.870477885,51,3.567509239,0.499551214,1.825047703,17.51260932,16.01236778,51,4.853956589,0.679689874,4.030581905,26.56402696,2.792923732,51,0.501804634,0.070266704,1.720475556,3.624092591,0.595865487,51,0.109438814,0.015324499,0.15300936,0.763601633
2006,OFPR,296.80624,25,198.9591208,39.79182416,63,838,17.40041281,25,27.26480936,5.452961871,0.999002719,136.7167126,35.32,25,8.994072122,1.798814424,17,53,8.992143897,25,4.055194852,0.81103897,1.67403098,19.40789474,13.98618699,25,5.342206725,1.068441345,3.193788246,26.85097875,2.781822209,25,0.640996497,0.128199299,1.424794841,3.733241749,0.58437418,25,0.154860016,0.030972003,0.153011349,0.758093683
2006,MCPR,213.07474,50,151.8913537,21.48068125,10,772,9.778282517,50,9.983023545,1.411812729,0.078210841,53.89133354,32.32,50,11.20393517,1.584475707,5,55,8.123535761,50,3.318004752,0.469236732,2.103036336,15.10062893,13.04489907,50,4.71807538,0.667236619,2.559696299,21.46968569,2.747914936,50,0.555343675,0.078537456,1.278009679,3.872016635,0.591711162,50,0.120063329,0.016979519,0.316381092,0.884218573
2006,INPR,275,12,215.157342,62.11057466,15.5,679,17.78886072,12,19.76451798,5.705524888,0.10223928,51.50032916,33.33333333,12,12.66586919,3.656321494,11,52,8.063184145,12,3.239499379,0.935162919,3.723202171,14.39066625,12.9059723,12,4.526565001,1.306706761,5.8454224,21.91656658,2.738438002,12,0.567876159,0.163931727,1.840288619,3.598208428,0.591802317,12,0.106339869,0.030697676,0.350931933,0.755549512
2006,FDLR,524.2954545,22,327.3064189,69.78196299,129.5,1253,11.97852595,22,15.09190804,3.217605605,1.893040141,70.78807495,40.18181818,22,7.901997117,1.684711446,16,52,5.862105635,22,4.614683409,0.983853809,1.079346249,16.35722994,10.28516421,22,6.957697296,1.483386048,1.29301203,25.72059418,2.538649194,22,0.771901118,0.164569871,1.077369213,3.71955203,0.396222592,22,0.211412366,0.045073268,0.027539437,0.779867512
2006,FMLR,320.1362261,115,516.0271803,48.11978268,3,4774.5,11.04770243,115,15.30588508,1.427281143,0.021680823,103.7944311,35.62608696,115,11.8169228,1.101933733,4,59,7.629985263,115,3.519919501,0.328234186,1.325376968,17.60772678,12.6816294,115,5.200492972,0.48494847,1.987311953,25.96302726,2.446173778,115,0.560108595,0.052230396,1.301418278,3.851527598,0.545795103,115,0.150400485,0.014024918,0.08923419,0.79248125
2006,FSLR,244.3461538,52,201.6412994,27.96261708,22.5,1029.5,6.21460344,52,8.254584363,1.144704892,0.095410513,44.57887406,26.73076923,52,11.19719045,1.552770935,7,60,7.330063792,52,3.314283994,0.459608495,2.123811559,15.4422817,11.04854332,52,4.617615623,0.640348073,2.972795683,21.18524714,2.248798115,52,0.530184322,0.073523337,1.205234407,3.54892752,0.587351445,52,0.135089839,0.01873359,0.233998582,0.768986997
2007,OFPR,329.5486111,18,133.8002733,31.53702685,109.5,590,21.19819743,18,17.85408565,4.208248346,4.376205917,64.73815607,44.27777778,18,7.583306399,1.78740246,30,59,10.34039702,18,3.704769123,0.873222457,4.869169909,17.0415644,16.57161235,18,4.180534328,0.985361391,9.026812232,23.66012803,3.034466574,18,0.65248111,0.153791272,1.847953888,3.949048275,0.6018763,18,0.095100194,0.022415331,0.460957883,0.749342818
2007,MCPR,246.2933036,56,210.6317343,28.14684945,14,1088,16.85238807,56,20.30699408,2.713636229,1.280536605,93.24648096,35.625,56,9.518522613,1.271966087,12,60,9.612814713,56,3.275119754,0.437656286,4.0216663,17.4173028,14.9158889,56,3.867860889,0.516864652,8.328371045,22.5995382,2.895675055,56,0.448255814,0.059900703,2.020106415,3.93781866,0.627792276,56,0.113201219,0.015127149,0.398024685,0.828698669
2007,HRRF,503.2970417,48,247.3291066,35.69888157,78,1103.5,35.17411608,48,32.93889672,4.754320222,3.748901002,133.0151222,49.5,48,10.58903487,1.528395534,23,65,9.581074395,48,3.249441213,0.46901644,2.9418642,15.97865371,16.16086324,48,4.377941521,0.631901429,6.455146933,25.82319554,2.88576895,48,0.474204946,0.068445588,1.857770745,4.203047928,0.566883798,48,0.097688883,0.014100176,0.28183456,0.753604896
2007,FDLR,618.90625,24,371.5672653,75.84585043,153,1891,30.90606635,24,44.23983861,9.030419241,3.724915169,202.4426171,46.04166667,24,7.926176592,1.617924022,24,60,6.93757574,24,2.699651969,0.551064151,1.502773177,12.46721311,11.93720742,24,3.804244035,0.776538062,2.80755317,18.89032899,2.851597732,24,0.585352367,0.119484551,1.465271265,3.914824434,0.48709692,24,0.135889621,0.027738353,0.108293144,0.688004799
2007,INPR,173.9,10,80.26061716,25.38063566,32,271,13.88397326,10,11.83545576,3.742699735,4.868889419,37.65476973,30.6,10,8.487899884,2.684109619,18,43,10.37379493,10,3.473310727,1.098357292,3.072258347,14.42253521,14.93799866,10,4.50598295,1.424916922,5.338357101,19.16500867,2.849089996,10,0.34853594,0.110216742,2.216834225,3.353870829,0.667016726,10,0.12118244,0.038321252,0.374670634,0.829106829
2007,FMLR,317.1459677,124,194.9137091,17.5037678,64.5,1400,11.64491008,124,11.99368543,1.077064747,0.173501624,71.35822729,40.63709677,124,8.284901222,0.744006093,13,61,8.529991474,124,2.996221524,0.269068636,2.688276918,18.80441091,14.19254976,124,3.946580623,0.354413402,6.071943252,24.67220613,2.579129581,124,0.51668824,0.046399974,1.627936993,3.929932971,0.56565407,124,0.103149358,0.009263086,0.250275738,0.785005569
2007,FSLR,282.9189189,37,188.9084697,31.05636111,48.5,960,9.184821512,37,11.2372181,1.847387276,0.136438242,55.64950448,33.27027027,37,10.96623264,1.80283754,10,61,7.919202834,37,3.028084738,0.497814064,2.494436973,16.69140716,12.21458278,37,4.157234681,0.683445171,4.702042542,22.93205131,2.305869325,37,0.567599975,0.093312861,1.305460369,3.896980008,0.577739839,37,0.116506336,0.019153524,0.263742843,0.766966967
2008,FDLR,496.0217391,23,189.4746162,39.50818858,222.5,1006.5,17.7006291,23,9.005394693,1.877754598,7.100181183,43.68129735,48.17391304,23,6.350749232,1.324222755,33,61,7.265885314,23,1.817989249,0.379076963,4.898888319,13.67675203,13.89751121,23,3.112935948,0.649092015,9.995212357,21.91370954,3.111987326,23,0.47299866,0.098627038,2.106764234,3.89809066,0.506427574,23,0.051781047,0.010797095,0.408294367,0.668630388
2008,MCPR,326.262931,58,201.8217818,26.50049825,59,1310,12.55795986,58,8.335414879,1.094493594,2.67630827,37.44209738,39.03448276,58,6.316132275,0.829348799,19,50,9.431734833,58,3.874213636,0.508709173,1.46385945,16.99724278,15.00343756,58,4.776326987,0.627162459,2.17481924,24.29634793,2.874212924,58,0.507420833,0.06662762,1.157123816,3.875904443,0.583948386,58,0.133939825,0.017587161,0.121536313,0.773052383
2008,HRRF,447.1210227,44,166.2852113,25.06843881,144,1052,31.47890995,44,42.8530385,6.460338629,5.753760027,243.085947,47.79545455,44,7.170934698,1.081059081,33,64,9.236894145,44,3.147805399,0.474549519,3.13102482,15.78360243,15.70091877,44,4.179016063,0.630010376,7.012933447,23.6540704,2.785318366,44,0.501498129,0.075603688,1.833378728,3.778484449,0.559193627,44,0.087996741,0.013266008,0.305366842,0.708915461
2008,INPR,219.5535714,14,85.5160904,22.85513652,71,382,8.66116655,14,6.580226508,1.758639509,2.465002882,27.77459271,33,14,7.060180865,1.886912706,19,42,8.115019497,14,2.734265041,0.730763071,3.643805093,11.36850412,12.79546267,14,3.669109104,0.980610656,7.312880784,18.2297867,2.757736056,14,0.575910552,0.153918569,1.880212294,3.714996546,0.584431339,14,0.10534039,0.028153404,0.369805718,0.721019281
2008,OFPR,372.9763514,37,291.6479649,47.94663008,120,1923,17.11101913,37,17.39123175,2.859100887,0.995617873,99.19421854,40.78378378,37,8.141577567,1.338467107,28,58,9.316706062,37,3.269600493,0.53751901,1.717511483,14.7838274,15.05773297,37,4.401842905,0.723658516,3.528636986,23.25432527,2.697005773,37,0.544844277,0.089571847,1.421442928,3.783105482,0.585322464,37,0.123114626,0.02023992,0.141271113,0.758099005
2008,FMLR,369.3994863,146,170.6871568,14.12616961,89.5,1144.5,13.67114721,146,14.33776283,1.186601695,0.546163955,108.7365093,41.0890411,146,7.314530869,0.605354882,23,59,7.678445465,146,2.53538891,0.209830279,1.854009867,13.88068414,13.2248353,146,3.453366056,0.285802608,3.869580506,20.85379444,2.413250956,146,0.471956922,0.039059433,1.401783634,4.011736489,0.536117874,146,0.10432947,0.008634368,0.167354558,0.737911187
2008,FSLR,266.1273148,54,187.2524663,25.48183309,50.5,1110,8.367505272,54,9.641662118,1.312064026,0.235234133,46.75986033,32.46296296,54,8.090788993,1.101016925,13,46,8.342293281,54,2.897958384,0.394362185,1.934986458,17.79093962,12.76911578,54,3.70544713,0.504247485,3.819553175,23.191728,2.264574817,54,0.486378439,0.066187722,1.384899935,3.737186722,0.597908423,54,0.108614953,0.014780623,0.177753472,0.770182924
2009,FDLR,704.9114583,48,502.8730474,72.58347233,92,2254.5,14.97292641,48,11.75131852,1.696156727,2.592949643,53.22920898,45.77083333,48,7.760345417,1.120109379,22,61,6.302603541,48,3.160398579,0.456164243,1.41320782,15.61295297,11.17651889,48,4.775164151,0.689235577,2.545870644,23.2293646,2.796232725,48,0.67516017,0.097450976,1.387645512,3.969201574,0.44721275,48,0.160671665,0.023190957,0.090335483,0.709883284
2009,MCPR,388.390411,73,268.6406528,31.44201018,84.5,1847,13.03437569,73,12.60519041,1.475325946,1.719035597,75.93279275,37.60273973,73,7.206747853,0.843486036,24,57,7.690522706,73,3.458896293,0.40483319,1.706368198,20.21422536,12.60002855,73,4.786884784,0.560262487,3.180917853,28.79960836,2.755887612,73,0.551911867,0.064596398,1.543026356,4.129628458,0.534010077,73,0.144314279,0.016890709,0.154185797,0.769002614
2009,HRRF,510.3837719,57,234.2280156,31.02425857,194,1268,18.5341717,57,13.9454216,1.847116214,1.828605323,70.35133191,47.36842105,57,6.520932172,0.863718566,33,62,9.003597988,57,3.151486877,0.417424634,2.862179311,15.66259711,15.10357146,57,4.152583966,0.550023183,7.062538212,24.28369174,2.741023135,57,0.422781473,0.055998774,1.621692851,3.535287233,0.55386668,57,0.100889423,0.013363131,0.28134732,0.704254413
2009,OFPR,396.8009259,54,324.4469365,44.15163572,34.5,1680,12.8304558,54,12.69607562,1.727717055,0.406146832,63.29123531,40.53703704,54,7.973335191,1.085033487,15,58,8.693776938,54,3.513087265,0.478070623,2.231823731,15.46692999,14.19748177,54,4.699233131,0.639484631,3.720085935,23.87427798,2.653531508,54,0.470009154,0.063960145,1.703781328,3.597258105,0.563698827,54,0.122559638,0.016678254,0.212150855,0.774685875
2009,INPR,552.5543478,23,736.1552376,153.498978,26,3496.5,20.68657253,23,19.78621517,4.125711062,0.392611953,76.9217417,34.47826087,23,9.690058473,2.020516865,14,51,6.436753252,23,3.219112405,0.671231337,1.156910632,12.83444152,10.37294234,23,4.497987144,0.937895154,1.593875007,20.66823393,2.478618659,23,0.550436065,0.114773853,1.119191186,3.469314099,0.499041494,23,0.168125398,0.035056569,0.037856524,0.849842686
2009,FMLR,402.6853234,201,245.5401689,17.31906817,69.5,1676,10.07756647,201,10.27115924,0.724471714,0.164535981,73.76222831,40.28358209,201,9.178462785,0.647398849,14,64,7.691486464,201,2.634647872,0.185833733,2.138347512,15.68712666,12.79388026,201,3.666273244,0.258598976,4.162601083,21.87621362,2.470723044,201,0.434988442,0.030681719,1.597866175,3.904905427,0.540560456,201,0.102593787,0.007236408,0.2074575,0.767074128
2009,FSLR,300.6833333,60,192.5105757,24.85300845,67.5,1283.5,6.100956806,60,6.658032629,0.859548316,0.100503311,31.46947377,31.51666667,60,8.164602529,1.054045654,12,47,7.692020867,60,2.526059162,0.326112835,3.486617328,13.08192892,11.65201509,60,3.416316012,0.441044501,5.396881021,17.93391283,2.222177573,60,0.479566566,0.061911777,1.396564506,3.970942852,0.581382074,60,0.081828857,0.01056406,0.354896807,0.725289481
2010,HRRF,542.9021739,23,324.0751065,67.57433094,194.5,1386,18.25709276,23,11.69701417,2.438996056,1.385823211,44.27754554,46.60869565,23,5.638658209,1.175741513,36,56,8.963298218,23,4.220326562,0.87999892,1.45937969,17.6794188,14.9107731,23,5.580313149,1.163575727,2.546056911,25.77619773,2.838604289,23,0.555177439,0.115762498,1.430936597,3.79471007,0.534648302,23,0.155071115,0.032334563,0.101135604,0.73045964
2010,OFPR,325.0769231,39,203.2021485,32.53838489,100,970,10.10046849,39,8.232479054,1.318251672,1.105050688,36.30172492,37.20512821,39,7.280758662,1.165854443,27,55,8.923819188,39,3.969900871,0.635692897,1.988290617,20.78772969,13.87482095,39,4.602699708,0.737021807,3.911625154,27.21913561,2.813289377,39,0.599293923,0.09596383,1.594412583,4.109241612,0.577770848,39,0.145885121,0.023360315,0.186013961,0.775650575
2010,FDLR,683.25,32,581.6028187,102.8138243,159,2907,17.73659676,32,17.3124606,3.060439572,1.874361647,82.32508499,43.625,32,6.804884394,1.202944975,28,62,6.1890261,32,3.497809033,0.618331122,2.034225191,14.47003947,10.90378062,32,5.20125819,0.919461234,3.704749103,21.36810144,2.785887622,32,0.627131143,0.110862171,1.814724055,4.047601854,0.441020914,32,0.165247841,0.029211967,0.189988704,0.690245808
2010,MCPR,309.0744681,47,326.43622,47.61561646,50,2051,8.437434532,47,7.567025215,1.103764069,0.128459163,33.25477236,33.53191489,47,6.775438583,0.988299291,18,49,6.237533578,47,2.873795874,0.419186211,1.692018664,13.74521168,10.47819909,47,4.024745433,0.587069458,2.939024037,18.97767318,2.638039548,47,0.557303032,0.081291002,1.278989565,4.042847458,0.492583514,47,0.139861623,0.020400914,0.154628571,0.729426847
2010,FMLR,316.9224398,166,210.4532467,16.33433981,21,1652,8.65326479,166,9.795741539,0.760296995,0.070325806,67.20985896,35.62048193,166,9.251728868,0.718073422,6,57,7.609401429,166,2.522701018,0.195799572,1.562202575,14.45721708,12.42300782,166,3.678976741,0.285543973,2.702336633,21.70736289,2.450280571,166,0.520071598,0.040365384,1.445666593,3.874181134,0.559190078,166,0.105319205,0.008174356,0.122635372,0.808748018
2010,INPR,406,10,335.4339644,106.0735332,43.5,989,22.02606585,10,25.04670293,7.920462913,0.131312347,81.0000345,27.8,10,9.953223933,3.147485769,14,47,5.14862739,10,1.940762469,0.61372298,2.505671869,7.632801882,8.31189811,10,2.726189907,0.862096944,4.342676326,12.40968115,2.311935755,10,0.457847114,0.14478397,1.528933993,3.04119571,0.491001276,10,0.157792425,0.049898346,0.270068687,0.755971596
2010,FSLR,289.5846774,62,187.9513962,23.86985119,26,1156,6.310963097,62,10.0697019,1.27885342,0.068551461,73.25986949,30.33870968,62,9.248736818,1.174590751,8,48,7.115949151,62,2.333822883,0.296395803,2.279932546,13.16720394,10.98874019,62,3.247923986,0.412486759,3.424580532,19.8770317,2.174953124,62,0.490557763,0.062300898,1.37143781,3.640351394,0.569366398,62,0.089555927,0.011373614,0.288154397,0.752437966
2011,HRRF,482.46875,32,228.6360063,40.41751762,188.5,1223,26.54837602,32,25.86855287,4.572957289,1.101425936,137.8690744,51.875,32,6.670832032,1.179247642,35,68,11.0099001,32,4.259759402,0.75302619,2.899372373,21.43945041,18.27809544,32,5.687072025,1.005341798,5.448859819,31.26860878,3.120387595,32,0.511070724,0.090345394,1.863281879,4.10077834,0.584778733,32,0.115123304,0.020351117,0.299406492,0.748650402
2011,FDLR,527.390411,73,260.492329,30.48832102,201,2050.5,18.31837782,73,17.72755304,2.074853145,1.808753101,109.2910375,47.47945205,73,7.166879045,0.838819745,33,69,5.695714539,73,3.051414933,0.357141104,1.897555184,13.93137931,11.44009978,73,4.92178091,0.576050884,4.071114222,24.06331542,3.010625737,73,0.611397273,0.071558638,1.798176321,4.259039201,0.416218124,73,0.133265791,0.015597581,0.163585208,0.688010061
2011,MCPR,336.115625,40,212.7487409,33.63852953,116,1265,13.14647264,40,10.58095958,1.672996605,1.763242836,54.1440908,37.55,40,5.462928678,0.863764866,26,48,7.878686859,40,3.56962431,0.564407161,1.407291002,16.67990351,13.01347981,40,4.709409572,0.744623034,2.401010952,23.77859611,2.848614468,40,0.533184633,0.084303893,1.319730436,3.738121189,0.540071704,40,0.130955426,0.020705871,0.10486693,0.77872044
2011,FMLR,406.7756849,146,512.2709158,42.39584265,43.5,6079,11.20394985,146,10.88941526,0.901214419,0.08401359,68.25527581,40.23972603,146,9.534912107,0.789114941,7,68,8.350817438,146,3.223219589,0.266755551,1.451911615,16.24489519,13.7363853,146,4.276123368,0.353894488,2.111025646,24.18959142,2.707410974,146,0.579593577,0.047967506,1.175049901,4.182127686,0.556345786,146,0.123087989,0.010186834,0.104878914,0.770411448
2011,OFPR,349.5185714,35,205.2414762,34.69214137,59,842,12.6297413,35,11.55346459,1.952891951,1.158325033,53.65279559,39.71428571,35,8.449056434,1.428151199,20,56,8.434404742,35,3.303203157,0.55834324,3.09673619,14.35390693,13.93797409,35,3.87989367,0.655821729,7.036816611,21.5628602,2.687799393,35,0.558027704,0.094323898,1.693858896,3.916683687,0.563233006,35,0.127214704,0.02150321,0.298702978,0.74340954
2011,INPR,442.25,14,350.7503358,93.74197035,132,1394.5,23.2128025,14,33.10845456,8.848606684,2.114683634,129.4197304,38,14,8.105079129,2.166173514,19,53,6.140395255,14,2.457171726,0.656706767,2.598309775,10.85503452,10.90619433,14,3.937606938,1.05236972,3.969536609,17.57624434,2.511887789,14,0.573517439,0.153278983,1.379842363,3.255588216,0.482407983,14,0.118308589,0.0316193,0.261345921,0.642138873
2011,FSLR,341.1915323,62,320.7177623,40.73119654,86.5,1972.5,13.73679025,62,53.40820656,6.782849016,0.085347529,423.987761,33.03225806,62,10.52236921,1.336342226,12,63,8.035304924,62,3.481076813,0.442097197,1.637454207,19.72584142,12.38743725,62,4.913685006,0.62403862,2.97603208,29.36972654,2.254424566,62,0.466123397,0.059197731,1.405041404,3.280740199,0.575457677,62,0.132988514,0.016889558,0.135568671,0.792212173
2012,HRRF,510.7307692,26,249.0930341,48.85116313,128,1191,20.3066723,26,11.99479282,2.352372409,4.328402299,45.95633491,50.30769231,26,7.535352577,1.477804224,31,63,9.645711037,26,3.370768689,0.661062128,2.523157444,15.5305847,16.03021078,26,4.764238982,0.934344136,5.787422989,23.11201661,3.083278303,26,0.577193772,0.113197012,2.028800388,4.06394673,0.560133929,26,0.116504031,0.02284832,0.25262604,0.759395125
2012,MCPR,253.1493056,72,125.3582869,14.7736158,64,716.5,10.22641716,72,11.67036358,1.375365538,1.507172813,90.34390477,36.02777778,72,8.064829263,0.950449244,20,53,8.827293974,72,3.456961798,0.407406855,1.726642187,17.22282398,14.13026875,72,4.636620164,0.546430927,3.543527648,26.29670414,2.859648209,72,0.533669485,0.062893552,1.504155723,4.028224788,0.586004499,72,0.119219222,0.01405012,0.160584209,0.809752414
2012,OFPR,338.2717391,46,291.1289082,42.92461572,125,1835,11.09955022,46,8.094579839,1.193480686,1.535160338,34.91819742,40.23913043,46,8.289711917,1.222251341,19,57,9.920222602,46,3.956169857,0.583305423,1.415114064,18.43360222,15.31111105,46,5.2350134,0.771860616,2.474750834,26.26125603,2.691611612,46,0.507153768,0.074775744,1.386202385,4.141455442,0.590889004,46,0.152724732,0.022518033,0.087042248,0.771046034
2012,FDLR,610.109375,40,460.8780405,72.87121658,56,2694,13.45790323,40,10.26923854,1.623709182,3.742134345,51.27779895,44.15,40,7.921246988,1.25245912,24,57,5.840034429,40,3.240884725,0.512428868,1.232313743,12.98550725,10.79719339,40,4.947917187,0.782334399,1.792164672,21.66197186,2.690992198,40,0.635395045,0.100464778,1.222282883,4.060952232,0.426616767,40,0.170783327,0.027003215,0.055888699,0.8067308
2012,FMLR,382.7928779,172,316.9975241,24.17083461,48,2463,11.18205353,172,12.31642344,0.939118483,0.131388618,88.68968998,38.90697674,172,9.101928215,0.69401552,16,69,7.786767519,172,2.947018776,0.224708075,1.365023136,15.79150714,12.86215787,172,4.083959173,0.311398968,2.362506265,25.15598961,2.546389955,172,0.547483552,0.04174523,1.284982363,4.116208042,0.541524404,172,0.124453644,0.009489501,0.079955228,0.821890809
2012,FSLR,290.5490196,51,122.7191206,17.18411404,63,640.5,9.392974806,51,11.15432083,1.561917331,1.260972691,73.72450834,35.49019608,51,8.741561758,1.224063483,10,53,8.628932819,51,2.74375779,0.384202939,2.403048851,15.5827557,13.4697266,51,3.762768603,0.526892994,3.733380147,21.50037233,2.360545901,51,0.513345621,0.071882765,1.316169614,3.970336821,0.590992484,51,0.087805045,0.012295166,0.331239938,0.744444196
2012,INPR,454.5,9,531.0928591,177.030953,94,1493.5,12.80956488,9,15.2638737,5.087957901,0.734285065,42.80105353,31.33333333,9,9.260129589,3.086709863,18,44,5.003355669,9,2.186581646,0.728860549,2.147786428,8.718302911,8.406235019,9,3.039980625,1.013326875,4.317341908,13.71564675,2.296078139,9,0.531461317,0.177153772,1.562034828,3.265411849,0.449903472,9,0.141083059,0.047027686,0.204522556,0.636665373
2014,HRRF,739.89475,40,331.2206208,52.37057849,218.5,2148.831,32.92941238,40,21.14663254,3.343576183,3.941042929,78.3580411,52.175,40,8.575120542,1.355845606,35,67,9.772409926,40,3.305017586,0.522569164,3.043721675,16.86861581,16.42530203,40,4.762127397,0.752958454,5.143351807,25.66116444,3.18554851,40,0.496613506,0.07852149,2.06306127,4.144261859,0.560140864,40,0.092223742,0.014581854,0.290724799,0.729865185
2014,FDLR,590.998,35,331.1550697,55.97542323,134.876,1512.5,19.28434409,35,27.02048868,4.567296194,3.079579662,135.6033551,42.4,35,5.760923129,0.973773739,33,54,6.30345622,35,3.914983167,0.661752936,1.809515609,18.45470682,11.31686093,35,5.236345783,0.885103983,3.95924275,23.88756706,2.706118589,35,0.483973956,0.08180653,1.731100489,3.740094925,0.447221935,35,0.159089116,0.026890969,0.154900689,0.790299463
2014,MCPR,340.1618966,87,317.0992905,33.99661241,18.25,1896.172,12.67951331,87,11.8857821,1.274289598,0.265906316,84.87840992,35.8045977,87,8.475462641,0.908664974,10,54,8.570751425,87,3.526862899,0.378119392,1.315462579,16.58595969,13.42141657,87,4.535561217,0.486263203,1.924781327,23.16568215,2.700070249,87,0.548227571,0.058776165,1.272043784,3.977100393,0.577020106,87,0.141362109,0.015155609,0.08627556,0.791271461
2014,OFPR,337.2306731,52,213.3616789,29.58794129,68.001,1074.151,13.03792208,52,11.15889688,1.547460572,0.570185977,50.21882811,36.55769231,52,9.722449182,1.348261117,14,51,9.840271164,52,3.504210269,0.485946531,3.122788775,16.26356212,14.78691957,52,4.334416722,0.601075452,5.210869468,21.52867336,2.616238947,52,0.47928992,0.066465553,1.595954729,3.672838315,0.621008261,52,0.104372797,0.014473903,0.322918327,0.761171698
2014,FMLR,402.7977388,134,267.1526863,23.07847705,62.751,2362.25,14.7055179,134,22.42335236,1.93708261,0.159521691,184.3208958,38.44029851,134,8.54049284,0.73778621,13,57,8.81505418,134,2.95344011,0.255138366,1.529545497,16.00311775,14.02126666,134,3.843445918,0.332023157,2.612643129,23.4107092,2.613968892,134,0.513179888,0.04433199,1.362853245,3.841928413,0.583935542,134,0.105888182,0.009147346,0.121541459,0.777254828
2014,INPR,245.6310588,17,220.5004094,53.47920462,6.25,732.1,14.38354694,17,16.71519182,4.054029495,0.085025278,56.28311815,25,17,11.39627132,2.764001788,5,49,5.339979926,17,1.895689484,0.459772234,2.470355731,10.02340526,8.742055696,17,3.091173482,0.749719693,3.339707683,16.25459048,2.293301908,17,0.428095418,0.10382839,1.778898216,3.320840041,0.532015559,17,0.093131217,0.022587638,0.392491154,0.657624517
2014,FSLR,389.1714328,67,295.8952563,36.14935905,76.751,1504.596,10.33548562,67,12.92392632,1.578908897,0.222090825,85.05109031,32.94029851,67,9.150063085,1.117858123,13,52,7.435709694,67,3.104572752,0.379283928,1.593719966,15.52369149,11.58324476,67,4.232500446,0.517082228,2.905611808,21.45788793,2.145586602,67,0.399812283,0.048844845,1.312511405,3.204729369,0.554700982,67,0.131411983,0.016054529,0.135722953,0.782360581
2016,HRRF,764.8160192,52,334.1063858,46.33221944,269.001,1764.945,30.57401267,52,23.08362191,3.201122401,4.951178272,125.0028559,53.80769231,52,8.046527595,1.115852609,36,73,9.915949629,52,4.144556813,0.574746619,2.137576659,17.7064118,16.86246213,52,5.301401961,0.735172177,5.006462887,25.89576466,3.158495677,52,0.503376162,0.069805714,1.953856171,4.165838816,0.549069981,52,0.125887974,0.017457521,0.192261688,0.737103244
2016,FDLR,732.6003548,31,450.3807345,80.89076784,215.502,1965,27.85671721,31,44.04986845,7.911589928,3.156771727,239.1962348,47.06451613,31,7.224659087,1.297587077,37,73,7.225202872,31,3.536551943,0.63518348,1.716688796,15.01229219,12.71640263,31,4.992193345,0.896624394,3.392852019,23.04612217,3.07218626,31,0.60546524,0.108744767,1.648071448,3.992551705,0.47813649,31,0.158435005,0.028455767,0.144581349,0.696041733
2016,MCPR,355.4211067,75,295.4403495,34.11451306,45.25,2116.092,12.56837833,75,10.29633355,1.188918189,0.457587414,51.68906283,39.41333333,75,7.858707227,0.907445347,16,57,9.795671387,75,3.427375665,0.395759253,1.448497155,16.19656737,15.44148541,75,4.322983713,0.499175162,2.593212266,22.8268567,2.914904212,75,0.561967374,0.064890403,1.270469481,3.888930526,0.602796307,75,0.124195439,0.014340854,0.095206496,0.773932205
2016,INPR,692.383,16,1941.788758,485.4471896,9,7883.75,10.99298047,16,18.05164169,4.512910424,0.115570063,60.95930684,27.125,16,15.99114338,3.997785846,9,56,7.011193501,16,2.504647213,0.626161803,1.261665011,10.62561169,10.56516776,16,4.076910808,1.019227702,1.765027234,16.76340199,2.739208445,16,0.589422488,0.147355622,1.252602556,3.519294831,0.610334879,16,0.175519317,0.043879829,0.060708816,0.800928129
2016,OFPR,356.9006545,55,189.4736095,25.5486163,33.1,1207.25,16.32807622,55,27.9034163,3.762495886,0.094734375,199.8958728,39.98181818,55,9.730613983,1.312075722,8,60,10.22968169,55,3.363173888,0.453490275,3.045814684,19.86120044,15.73353139,55,4.18061361,0.563713824,3.969849884,26.49511665,2.668233626,55,0.608697303,0.082076728,1.318193844,3.833403557,0.619631695,55,0.088020559,0.01186869,0.394527454,0.76492654
2016,FMLR,450.1719099,111,263.6795798,25.02735815,93.5,1748.211,13.02710044,111,10.6931721,1.01495098,0.74337969,68.53796592,42.72972973,111,7.948637329,0.754451268,22,61,8.7917643,111,3.024506854,0.287073486,1.995257202,17.4122684,14.55827994,111,3.89413969,0.369615382,4.242302484,25.93013336,2.58262706,111,0.458941962,0.043560843,1.681901771,3.62094966,0.564898814,111,0.105799131,0.010042009,0.180422477,0.750246813
2016,FSLR,298.0407969,64,141.8541598,17.73176997,21,713.681,7.504975339,64,8.040623784,1.005077973,0.062412584,34.59178857,31.140625,64,9.713134925,1.214141866,9,51,7.867419399,64,2.700509359,0.33756367,3.664143512,17.2440755,12.00330336,64,3.78983237,0.473729046,5.738793548,23.69495419,2.203747761,64,0.418009176,0.052251147,1.666702855,3.154047115,0.595745652,64,0.082321656,0.010290207,0.407629708,0.744743214