YEAR,REGION,SPECIES_CD,abundance,var,n,nm,N,NM,protected_status
1999,FLA KEYS,ABU SAXA,6423134.786847043,6036850678855.247,104,279,16145.0,3654480.4355109693,0
1999,FLA KEYS,ACA ASPE,13241.059496554348,96620891.85557315,104,279,16145.0,3654480.4355109693,0
1999,FLA KEYS,ACA BAHI,8860859.145718109,534926613329.4282,104,279,16145.0,3654480.4355109693,0
1999,FLA KEYS,ACA CHAP,0.0,0.0,104,279,16145.0,3654480.4355109693,0
1999,FLA KEYS,ACA CHIR,6692907.751720904,745940917683.3123,104,279,16145.0,3654480.4355109693,0
1999,FLA KEYS,ACA COER,7293752.470231063,438887714205.47186,104,279,16145.0,3654480.4355109693,0
1999,FLA KEYS,ACA MARI,0.0,0.0,104,279,16145.0,3654480.4355109693,0
1999,FLA KEYS,ACA POLY,16280.94235274063,104027617.42667587,104,279,16145.0,3654480.4355109693,0
1999,FLA KEYS,ACA QUAD,142309.81549067333,1550269534.0026228,104,279,16145.0,3654480.4355109693,0
1999,FLA KEYS,ACA SOLA,0.0,0.0,104,279,16145.0,3654480.4355109693,0
1999,FLA KEYS,ACA SPE.,0.0,0.0,104,279,16145.0,3654480.4355109693,0
1999,FLA KEYS,ACA SPIN,0.0,0.0,104,279,16145.0,3654480.4355109693,0
1999,FLA KEYS,AET NARI,0.0,0.0,104,279,16145.0,3654480.4355109693,0
1999,FLA KEYS,AHL EGMO,0.0,0.0,104,279,16145.0,3654480.4355109693,0
1999,FLA KEYS,ALB VULP,0.0,0.0,104,279,16145.0,3654480.4355109693,0
1999,FLA KEYS,ALE CILI,0.0,0.0,104,279,16145.0,3654480.4355109693,0
1999,FLA KEYS,ALP AFER,0.0,0.0,104,279,16145.0,3654480.4355109693,0
1999,FLA KEYS,ALU MONO,0.0,0.0,104,279,16145.0,3654480.4355109693,0
1999,FLA KEYS,ALU SCHO,0.0,0.0,104,279,16145.0,3654480.4355109693,0
1999,FLA KEYS,ALU SCRI,67196.27697596751,1016532749.0805013,104,279,16145.0,3654480.4355109693,0
1999,FLA KEYS,ALU SPE.,0.0,0.0,104,279,16145.0,3654480.4355109693,0
1999,FLA KEYS,AMB PINO,8760.285179526765,76584802.98688124,104,279,16145.0,3654480.4355109693,0
1999,FLA KEYS,ANC LYOL,0.0,0.0,104,279,16145.0,3654480.4355109693,0
1999,FLA KEYS,ANI SURI,107985.60508412348,6575566183.222746,104,279,16145.0,3654480.4355109693,0
1999,FLA KEYS,ANI VIRG,3429656.104951525,163310872764.4547,104,279,16145.0,3654480.4355109693,0
1999,FLA KEYS,ANT OCEL,0.0,0.0,104,279,16145.0,3654480.4355109693,0
1999,FLA KEYS,APO AURO,0.0,0.0,104,279,16145.0,3654480.4355109693,0
1999,FLA KEYS,APO BINO,8760.285179526765,76922740.28106979,104,279,16145.0,3654480.4355109693,0
1999,FLA KEYS,APO MACU,0.0,0.0,104,279,16145.0,3654480.4355109693,0
1999,FLA KEYS,APO PHEN,0.0,0.0,104,279,16145.0,3654480.4355109693,0
1999,FLA KEYS,APO PSEU,5840.19011968451,34112787.392878,104,279,16145.0,3654480.4355109693,0
1999,FLA KEYS,APO QUAD,0.0,0.0,104,279,16145.0,3654480.4355109693,0
1999,FLA KEYS,APO TOWN,0.0,0.0,104,279,16145.0,3654480.4355109693,0
1999,FLA KEYS,ARC PROB,11052.612749736114,122123449.79230864,104,279,16145.0,3654480.4355109693,0
1999,FLA KEYS,ARC RHOM,51472.63210595242,1997288790.7572908,104,279,16145.0,3654480.4355109693,0
1999,FLA KEYS,AST GUTT,0.0,0.0,104,279,16145.0,3654480.4355109693,0
1999,FLA KEYS,AST PUNC,0.0,0.0,104,279,16145.0,3654480.4355109693,0
1999,FLA KEYS,AST SPE.,0.0,0.0,104,279,16145.0,3654480.4355109693,0
1999,FLA KEYS,AST STEL,0.0,0.0,104,279,16145.0,3654480.4355109693,0
1999,FLA KEYS,ATH STIP,0.0,0.0,104,279,16145.0,3654480.4355109693,0
1999,FLA KEYS,AUL MACU,128146.57963556254,1650443439.376116,104,279,16145.0,3654480.4355109693,0
1999,FLA KEYS,BAL CAPR,129773.35694856971,2876133632.38667,104,279,16145.0,3654480.4355109693,0
1999,FLA KEYS,BAL SPE.,0.0,0.0,104,279,16145.0,3654480.4355109693,0
1999,FLA KEYS,BAL VETU,278782.0376974438,3709139297.4461994,104,279,16145.0,3654480.4355109693,0
1999,FLA KEYS,BLE SPE.,0.0,0.0,104,279,16145.0,3654480.4355109693,0
1999,FLA KEYS,BOD PULC,34065.82896811974,477839917.95424116,104,279,16145.0,3654480.4355109693,0
1999,FLA KEYS,BOD RUFU,619893.2840373068,9082879931.913145,104,279,16145.0,3654480.4355109693,0
1999,FLA KEYS,BOL BOQU,0.0,0.0,104,279,16145.0,3654480.4355109693,0
1999,FLA KEYS,BOT LUNA,5526.306374868057,30678025.231975976,104,279,16145.0,3654480.4355109693,0
1999,FLA KEYS,BOT OCEL,1492.097847570185,2245324.7405624557,104,279,16145.0,3654480.4355109693,0
1999,FLA KEYS,BRO BARB,0.0,0.0,104,279,16145.0,3654480.4355109693,0
1999,FLA KEYS,CAL BAJO,22105.225499472228,488493799.1692346,104,279,16145.0,3654480.4355109693,0
1999,FLA KEYS,CAL CALA,1566478.8735595723,32805875864.084454,104,279,16145.0,3654480.4355109693,0
1999,FLA KEYS,CAL NODO,0.0,0.0,104,279,16145.0,3654480.4355109693,0
1999,FLA KEYS,CAL PENN,8760.285179526765,76584802.98688124,104,279,16145.0,3654480.4355109693,0
1999,FLA KEYS,CAL PROR,43801.42589763382,1291049241.3923106,104,279,16145.0,3654480.4355109693,0
1999,FLA KEYS,CAL SPE.,8760.285179526765,76584802.98688124,104,279,16145.0,3654480.4355109693,0
1999,FLA KEYS,CAN MACR,25531.80350232089,180475026.7083524,104,279,16145.0,3654480.4355109693,0
1999,FLA KEYS,CAN PULL,32115.205468145123,250789866.89652434,104,279,16145.0,3654480.4355109693,0
1999,FLA KEYS,CAN ROST,1455500.9135349349,29925397060.2997,104,279,16145.0,3654480.4355109693,0
1999,FLA KEYS,CAN SUFF,174041.08304412366,17793173023.82718,104,279,16145.0,3654480.4355109693,0
1999,FLA KEYS,CAR BART,627681.6780559396,75675791698.5679,104,279,16145.0,3654480.4355109693,0
1999,FLA KEYS,CAR CRYS,800321.6449837551,130726498221.20627,104,279,16145.0,3654480.4355109693,0
1999,FLA KEYS,CAR FALC,0.0,0.0,104,279,16145.0,3654480.4355109693,0
1999,FLA KEYS,CAR HIPP,11052.612749736114,122123449.79230864,104,279,16145.0,3654480.4355109693,0
1999,FLA KEYS,CAR LATU,525617.1107716059,275705290752.77246,104,279,16145.0,3654480.4355109693,0
1999,FLA KEYS,CAR LEUC,0.0,0.0,104,279,16145.0,3654480.4355109693,0
1999,FLA KEYS,CAR LIMB,8760.285179526765,76584802.98688124,104,279,16145.0,3654480.4355109693,0
1999,FLA KEYS,CAR LUGU,0.0,0.0,104,279,16145.0,3654480.4355109693,0
1999,FLA KEYS,CAR PERE,0.0,0.0,104,279,16145.0,3654480.4355109693,0
1999,FLA KEYS,CAR RUBE,5062201.741952928,1707820911578.7178,104,279,16145.0,3654480.4355109693,0
1999,FLA KEYS,CAR SPE.,0.0,0.0,104,279,16145.0,3654480.4355109693,0
1999,FLA KEYS,CEN ARGI,8760.285179526765,76584802.98688124,104,279,16145.0,3654480.4355109693,0
1999,FLA KEYS,CEN UNDE,0.0,0.0,104,279,16145.0,3654480.4355109693,0
1999,FLA KEYS,CEP CRUE,1014612.7590025653,24370355684.005947,104,279,16145.0,3654480.4355109693,0
1999,FLA KEYS,CEP FULV,61627.14053460688,696672428.1263461,104,279,16145.0,3654480.4355109693,0
1999,FLA KEYS,CHA CAPI,2614423.4699785616,76623660303.97508,104,279,16145.0,3654480.4355109693,0
1999,FLA KEYS,CHA FABE,101972.90432591728,1973338551.9748561,104,279,16145.0,3654480.4355109693,0
1999,FLA KEYS,CHA LIMB,0.0,0.0,104,279,16145.0,3654480.4355109693,0
1999,FLA KEYS,CHA OCEL,2498102.4697013465,60718579457.08625,104,279,16145.0,3654480.4355109693,0
1999,FLA KEYS,CHA SEDE,872221.372357787,18708605486.87713,104,279,16145.0,3654480.4355109693,0
1999,FLA KEYS,CHA STRI,579859.2492813737,6437870698.210563,104,279,16145.0,3654480.4355109693,0
1999,FLA KEYS,CHI ANTE,0.0,0.0,104,279,16145.0,3654480.4355109693,0
1999,FLA KEYS,CHI SCHO,4380.142589763383,19230685.070267446,104,279,16145.0,3654480.4355109693,0
1999,FLA KEYS,CHR ATHE,0.0,0.0,104,279,16145.0,3654480.4355109693,0
1999,FLA KEYS,CHR CYAN,725597.8533980128,44610055674.80851,104,279,16145.0,3654480.4355109693,0
1999,FLA KEYS,CHR ENCH,0.0,0.0,104,279,16145.0,3654480.4355109693,0
1999,FLA KEYS,CHR INSO,61321.996256687344,1570157429.8781595,104,279,16145.0,3654480.4355109693,0
1999,FLA KEYS,CHR MULT,2831610.470626466,3162257669607.631,104,279,16145.0,3654480.4355109693,0
1999,FLA KEYS,CHR SCOT,512476.6830023158,168379280819.07184,104,279,16145.0,3654480.4355109693,0
1999,FLA KEYS,CLE PARR,2949131.1690399963,2343866688999.2544,104,279,16145.0,3654480.4355109693,0
1999,FLA KEYS,COR DICR,250666.86366485863,10482592303.123117,104,279,16145.0,3654480.4355109693,0
1999,FLA KEYS,COR EIDO,0.0,0.0,104,279,16145.0,3654480.4355109693,0
1999,FLA KEYS,COR GLAU,5997768.437110147,759898303020.0292,104,279,16145.0,3654480.4355109693,0
1999,FLA KEYS,COR LIPE,0.0,0.0,104,279,16145.0,3654480.4355109693,0
1999,FLA KEYS,COR PERS,2953457.9821521104,1403106928822.122,104,279,16145.0,3654480.4355109693,0
1999,FLA KEYS,COR PUNC,0.0,0.0,104,279,16145.0,3654480.4355109693,0
1999,FLA KEYS,COR SPE.,0.0,0.0,104,279,16145.0,3654480.4355109693,0
1999,FLA KEYS,CRY ROSE,821444.8048551715,50510480511.41612,104,279,16145.0,3654480.4355109693,0
1999,FLA KEYS,CTE SAEP,0.0,0.0,104,279,16145.0,3654480.4355109693,0
1999,FLA KEYS,DAS AMER,4480.774317027583,20036088.86869191,104,279,16145.0,3654480.4355109693,0
1999,FLA KEYS,DEC MACA,1492.097847570185,2245324.7405624557,104,279,16145.0,3654480.4355109693,0
1999,FLA KEYS,DEC PUNC,0.0,0.0,104,279,16145.0,3654480.4355109693,0
1999,FLA KEYS,DER INER,0.0,0.0,104,279,16145.0,3654480.4355109693,0
1999,FLA KEYS,DIO HOLO,38793.51581823753,319327694.2149792,104,279,16145.0,3654480.4355109693,0
1999,FLA KEYS,DIO HYST,7262.181107007964,52732012.24987642,104,279,16145.0,3654480.4355109693,0
1999,FLA KEYS,DIO SPE.,0.0,0.0,104,279,16145.0,3654480.4355109693,0
1999,FLA KEYS,DIP ARGE,0.0,0.0,104,279,16145.0,3654480.4355109693,0
1999,FLA KEYS,DIP FORM,0.0,0.0,104,279,16145.0,3654480.4355109693,0
1999,FLA KEYS,DIP HOLB,0.0,0.0,104,279,16145.0,3654480.4355109693,0
1999,FLA KEYS,DOR MEGA,0.0,0.0,104,279,16145.0,3654480.4355109693,0
1999,FLA KEYS,ECH NAUC,80989.44072635188,2046306581.815435,104,279,16145.0,3654480.4355109693,0
1999,FLA KEYS,ECH NEUC,0.0,0.0,104,279,16145.0,3654480.4355109693,0
1999,FLA KEYS,ELA BIPI,0.0,0.0,104,279,16145.0,3654480.4355109693,0
1999,FLA KEYS,ELA EVEL,0.0,0.0,104,279,16145.0,3654480.4355109693,0
1999,FLA KEYS,ELA HORS,0.0,0.0,104,279,16145.0,3654480.4355109693,0
1999,FLA KEYS,ELA MACR,0.0,0.0,104,279,16145.0,3654480.4355109693,0
1999,FLA KEYS,ELA OCEA,962499.3391398968,70123722160.48376,104,279,16145.0,3654480.4355109693,0
1999,FLA KEYS,ELA RAND,0.0,0.0,104,279,16145.0,3654480.4355109693,0
1999,FLA KEYS,ELA SAUC,0.0,0.0,104,279,16145.0,3654480.4355109693,0
1999,FLA KEYS,ELA SPE.,0.0,0.0,104,279,16145.0,3654480.4355109693,0
1999,FLA KEYS,ELA XANT,0.0,0.0,104,279,16145.0,3654480.4355109693,0
1999,FLA KEYS,ELO SAUR,0.0,0.0,104,279,16145.0,3654480.4355109693,0
1999,FLA KEYS,EMB BAHA,0.0,0.0,104,279,16145.0,3654480.4355109693,0
1999,FLA KEYS,EMB PAND,0.0,0.0,104,279,16145.0,3654480.4355109693,0
1999,FLA KEYS,EMM ATLA,0.0,0.0,104,279,16145.0,3654480.4355109693,0
1999,FLA KEYS,ENC NIGR,0.0,0.0,104,279,16145.0,3654480.4355109693,0
1999,FLA KEYS,ENN ALTI,0.0,0.0,104,279,16145.0,3654480.4355109693,0
1999,FLA KEYS,ENN BOEH,0.0,0.0,104,279,16145.0,3654480.4355109693,0
1999,FLA KEYS,EPI ADSC,138702.48250855468,2196134563.80182,104,279,16145.0,3654480.4355109693,0
1999,FLA KEYS,EPI DRUM,0.0,0.0,104,279,16145.0,3654480.4355109693,0
1999,FLA KEYS,EPI FLAV,0.0,0.0,104,279,16145.0,3654480.4355109693,0
1999,FLA KEYS,EPI GUTT,162921.7331551103,4759913512.467254,104,279,16145.0,3654480.4355109693,0
1999,FLA KEYS,EPI ITAJ,17520.57035905353,306339211.94752496,104,279,16145.0,3654480.4355109693,0
1999,FLA KEYS,EPI MORI,636108.4548898749,14002129578.70284,104,279,16145.0,3654480.4355109693,0
1999,FLA KEYS,EPI NIVE,0.0,0.0,104,279,16145.0,3654480.4355109693,0
1999,FLA KEYS,EPI STRI,49191.86806885876,389665331.5122583,104,279,16145.0,3654480.4355109693,0
1999,FLA KEYS,EQU LANC,4480.774317027583,20036088.86869191,104,279,16145.0,3654480.4355109693,0
1999,FLA KEYS,EQU PUNC,0.0,0.0,104,279,16145.0,3654480.4355109693,0
1999,FLA KEYS,EUC ARGE,0.0,0.0,104,279,16145.0,3654480.4355109693,0
1999,FLA KEYS,EUC GULA,0.0,0.0,104,279,16145.0,3654480.4355109693,0
1999,FLA KEYS,EUT ALLE,0.0,0.0,104,279,16145.0,3654480.4355109693,0
1999,FLA KEYS,FIS TABA,0.0,0.0,104,279,16145.0,3654480.4355109693,0
1999,FLA KEYS,GER CINE,121100.71697942476,8126338214.98372,104,279,16145.0,3654480.4355109693,0
1999,FLA KEYS,GIN CIRR,27765.421710570274,180841259.5960164,104,279,16145.0,3654480.4355109693,0
1999,FLA KEYS,GNA THOM,530578.3451784011,32368281962.6117,104,279,16145.0,3654480.4355109693,0
1999,FLA KEYS,GOB DILE,0.0,0.0,104,279,16145.0,3654480.4355109693,0
1999,FLA KEYS,GOB SPE.,14594.635109091589,108740865.69798273,104,279,16145.0,3654480.4355109693,0
1999,FLA KEYS,GRA LORE,0.0,0.0,104,279,16145.0,3654480.4355109693,0
1999,FLA KEYS,GYM FUNE,76508.66640932429,1870750133.3871613,104,279,16145.0,3654480.4355109693,0
1999,FLA KEYS,GYM MILI,13241.059496554348,97171139.49616286,104,279,16145.0,3654480.4355109693,0
1999,FLA KEYS,GYM MORI,38023.81096261584,295029077.6290864,104,279,16145.0,3654480.4355109693,0
1999,FLA KEYS,GYM NIGR,0.0,0.0,104,279,16145.0,3654480.4355109693,0
1999,FLA KEYS,GYM SAXI,11052.612749736114,122123449.79230864,104,279,16145.0,3654480.4355109693,0
1999,FLA KEYS,GYM VICI,0.0,0.0,104,279,16145.0,3654480.4355109693,0
1999,FLA KEYS,HAE ALBU,17520.57035905353,150446503.6275949,104,279,16145.0,3654480.4355109693,0
1999,FLA KEYS,HAE AURO,40016509.81679041,273254994364975.34,104,279,16145.0,3654480.4355109693,0
1999,FLA KEYS,HAE CARB,348688.42486236227,26542997758.25384,104,279,16145.0,3654480.4355109693,0
1999,FLA KEYS,HAE CHRY,1805744.9025629107,900538290661.9574,104,279,16145.0,3654480.4355109693,0
1999,FLA KEYS,HAE FLAV,11313914.989981802,15451510437380.64,104,279,16145.0,3654480.4355109693,0
1999,FLA KEYS,HAE MACR,51999.380985208234,692376626.6268283,104,279,16145.0,3654480.4355109693,0
1999,FLA KEYS,HAE MELA,2163122.6409434667,3609594688496.542,104,279,16145.0,3654480.4355109693,0
1999,FLA KEYS,HAE PARR,689427.4360504319,105588410330.03754,104,279,16145.0,3654480.4355109693,0
1999,FLA KEYS,HAE PLUM,18263160.293002028,11265554465480.777,104,279,16145.0,3654480.4355109693,0
1999,FLA KEYS,HAE SCIU,15553390.051463101,29716640099065.773,104,279,16145.0,3654480.4355109693,0
1999,FLA KEYS,HAE SPE.,1967033.977532429,1322407554181.8835,104,279,16145.0,3654480.4355109693,0
1999,FLA KEYS,HAE STRI,38748.923478106786,1491104179.791304,104,279,16145.0,3654480.4355109693,0
1999,FLA KEYS,HAL BIVI,19010557.69865757,2858359042528.8506,104,279,16145.0,3654480.4355109693,0
1999,FLA KEYS,HAL CAUD,0.0,0.0,104,279,16145.0,3654480.4355109693,0
1999,FLA KEYS,HAL CYAN,35041.14071810706,290676472.4588966,104,279,16145.0,3654480.4355109693,0
1999,FLA KEYS,HAL GARN,12100285.76987084,1386433591397.1152,104,279,16145.0,3654480.4355109693,0
1999,FLA KEYS,HAL MACU,4897470.131488461,335520649834.8824,104,279,16145.0,3654480.4355109693,0
1999,FLA KEYS,HAL PICT,0.0,0.0,104,279,16145.0,3654480.4355109693,0
1999,FLA KEYS,HAL POEY,250124.77228293353,28427777260.029648,104,279,16145.0,3654480.4355109693,0
1999,FLA KEYS,HAL RADI,774935.5925642546,14739383760.953262,104,279,16145.0,3654480.4355109693,0
1999,FLA KEYS,HAR HUME,0.0,0.0,104,279,16145.0,3654480.4355109693,0
1999,FLA KEYS,HAR JAGU,0.0,0.0,104,279,16145.0,3654480.4355109693,0
1999,FLA KEYS,HEM BRAS,0.0,0.0,104,279,16145.0,3654480.4355109693,0
1999,FLA KEYS,HEM SIMU,0.0,0.0,104,279,16145.0,3654480.4355109693,0
1999,FLA KEYS,HET CRUE,17520.57035905353,305888628.88860685,104,279,16145.0,3654480.4355109693,0
1999,FLA KEYS,HET LONG,0.0,0.0,104,279,16145.0,3654480.4355109693,0
1999,FLA KEYS,HIP EREC,0.0,0.0,104,279,16145.0,3654480.4355109693,0
1999,FLA KEYS,HOL ADSC,594769.4667807873,62175173462.3392,104,279,16145.0,3654480.4355109693,0
1999,FLA KEYS,HOL BERM,431451.86313899583,12057052141.880152,104,279,16145.0,3654480.4355109693,0
1999,FLA KEYS,HOL CILI,387461.45671109017,5611838639.9564495,104,279,16145.0,3654480.4355109693,0
1999,FLA KEYS,HOL RUFU,293984.00464192143,28273454034.71616,104,279,16145.0,3654480.4355109693,0
1999,FLA KEYS,HOL SPE.,0.0,0.0,104,279,16145.0,3654480.4355109693,0
1999,FLA KEYS,HOL TOWN,11052.612749736114,122123449.79230864,104,279,16145.0,3654480.4355109693,0
1999,FLA KEYS,HOL TRIC,455750.67022929975,9351386079.976149,104,279,16145.0,3654480.4355109693,0
1999,FLA KEYS,HYP BERM,0.0,0.0,104,279,16145.0,3654480.4355109693,0
1999,FLA KEYS,HYP CHLO,0.0,0.0,104,279,16145.0,3654480.4355109693,0
1999,FLA KEYS,HYP GEMM,84678.69106752054,885842943.460777,104,279,16145.0,3654480.4355109693,0
1999,FLA KEYS,HYP GUTT,13140.427769290147,94453936.88406488,104,279,16145.0,3654480.4355109693,0
1999,FLA KEYS,HYP HARR,0.0,0.0,104,279,16145.0,3654480.4355109693,0
1999,FLA KEYS,HYP HYBR,0.0,0.0,104,279,16145.0,3654480.4355109693,0
1999,FLA KEYS,HYP INDI,0.0,0.0,104,279,16145.0,3654480.4355109693,0
1999,FLA KEYS,HYP NIGR,11052.612749736114,122123449.79230864,104,279,16145.0,3654480.4355109693,0
1999,FLA KEYS,HYP PUEL,254054.510533758,6406179334.443862,104,279,16145.0,3654480.4355109693,0
1999,FLA KEYS,HYP SPE.,11052.612749736114,122123449.79230864,104,279,16145.0,3654480.4355109693,0
1999,FLA KEYS,HYP TANN,0.0,0.0,104,279,16145.0,3654480.4355109693,0
1999,FLA KEYS,HYP UNIC,736201.0958637366,27880359427.89212,104,279,16145.0,3654480.4355109693,0
1999,FLA KEYS,INE VITT,40881.330837791575,1663416087.1904974,104,279,16145.0,3654480.4355109693,0
1999,FLA KEYS,IST PLAT,0.0,0.0,104,279,16145.0,3654480.4355109693,0
1999,FLA KEYS,JEN SPE.,0.0,0.0,104,279,16145.0,3654480.4355109693,0
1999,FLA KEYS,KYP SECT,1361229.5271462263,261447592651.03275,104,279,16145.0,3654480.4355109693,0
1999,FLA KEYS,LAB BUCC,0.0,0.0,104,279,16145.0,3654480.4355109693,0
1999,FLA KEYS,LAB FILA,0.0,0.0,104,279,16145.0,3654480.4355109693,0
1999,FLA KEYS,LAB GOBI,0.0,0.0,104,279,16145.0,3654480.4355109693,0
1999,FLA KEYS,LAB KALI,0.0,0.0,104,279,16145.0,3654480.4355109693,0
1999,FLA KEYS,LAB NIGR,0.0,0.0,104,279,16145.0,3654480.4355109693,0
1999,FLA KEYS,LAB NUCH,0.0,0.0,104,279,16145.0,3654480.4355109693,0
1999,FLA KEYS,LAB SPE.,0.0,0.0,104,279,16145.0,3654480.4355109693,0
1999,FLA KEYS,LAC BICA,39625.79585852576,537082245.0147296,104,279,16145.0,3654480.4355109693,0
1999,FLA KEYS,LAC MAXI,2235734.009061882,57769504962.16019,104,279,16145.0,3654480.4355109693,0
1999,FLA KEYS,LAC TRIG,8760.285179526765,76472157.22215171,104,279,16145.0,3654480.4355109693,0
1999,FLA KEYS,LAC TRIQ,275377.9772716515,10341292303.046392,104,279,16145.0,3654480.4355109693,0
1999,FLA KEYS,LAG RHOM,22105.225499472228,230743033.0672047,104,279,16145.0,3654480.4355109693,0
1999,FLA KEYS,LIO EUKR,0.0,0.0,104,279,16145.0,3654480.4355109693,0
1999,FLA KEYS,LIO MOWB,0.0,0.0,104,279,16145.0,3654480.4355109693,0
1999,FLA KEYS,LIO RUBE,0.0,0.0,104,279,16145.0,3654480.4355109693,0
1999,FLA KEYS,LUT ANAL,248493.98550364855,7680625583.867347,104,279,16145.0,3654480.4355109693,0
1999,FLA KEYS,LUT APOD,2252437.402077674,464417215805.58875,104,279,16145.0,3654480.4355109693,0
1999,FLA KEYS,LUT BUCC,0.0,0.0,104,279,16145.0,3654480.4355109693,0
1999,FLA KEYS,LUT CYAN,8760.285179526765,76922740.28106979,104,279,16145.0,3654480.4355109693,0
1999,FLA KEYS,LUT GRIS,10694310.337972078,3900340013457.9683,104,279,16145.0,3654480.4355109693,0
1999,FLA KEYS,LUT JOCU,70082.28143621412,4885206401.039349,104,279,16145.0,3654480.4355109693,0
1999,FLA KEYS,LUT MAHO,57830.35492339186,1421845564.9322524,104,279,16145.0,3654480.4355109693,0
1999,FLA KEYS,LUT SPE.,0.0,0.0,104,279,16145.0,3654480.4355109693,0
1999,FLA KEYS,LUT SYNA,527323.4733318564,94877583485.01292,104,279,16145.0,3654480.4355109693,0
1999,FLA KEYS,MAL AURO,0.0,0.0,104,279,16145.0,3654480.4355109693,0
1999,FLA KEYS,MAL GILL,0.0,0.0,104,279,16145.0,3654480.4355109693,0
1999,FLA KEYS,MAL MACR,3504.114071810706,12334673.428506251,104,279,16145.0,3654480.4355109693,0
1999,FLA KEYS,MAL PLUM,216359.10065135758,5533633397.712728,104,279,16145.0,3654480.4355109693,0
1999,FLA KEYS,MAL TRIA,240801.34870854017,1811717370.1636224,104,279,16145.0,3654480.4355109693,0
1999,FLA KEYS,MAL VERS,0.0,0.0,104,279,16145.0,3654480.4355109693,0
1999,FLA KEYS,MAN BIRO,0.0,0.0,104,279,16145.0,3654480.4355109693,0
1999,FLA KEYS,MEG ATLA,8961.548634055165,80144355.47476764,104,279,16145.0,3654480.4355109693,0
1999,FLA KEYS,MEL NIGE,0.0,0.0,104,279,16145.0,3654480.4355109693,0
1999,FLA KEYS,MIC CARR,0.0,0.0,104,279,16145.0,3654480.4355109693,0
1999,FLA KEYS,MIC CHRY,352432.64605492004,15807687213.703373,104,279,16145.0,3654480.4355109693,0
1999,FLA KEYS,MIC MICR,0.0,0.0,104,279,16145.0,3654480.4355109693,0
1999,FLA KEYS,MON CILI,1761.3147035503084,3159028.0584688764,104,279,16145.0,3654480.4355109693,0
1999,FLA KEYS,MON TUCK,56192.80163066457,588075931.4053613,104,279,16145.0,3654480.4355109693,0
1999,FLA KEYS,MUL MART,519785.91075048345,70512664256.74286,104,279,16145.0,3654480.4355109693,0
1999,FLA KEYS,MUR RETI,0.0,0.0,104,279,16145.0,3654480.4355109693,0
1999,FLA KEYS,MYC ACUT,0.0,0.0,104,279,16145.0,3654480.4355109693,0
1999,FLA KEYS,MYC BONA,411163.5433850261,6107191010.036399,104,279,16145.0,3654480.4355109693,0
1999,FLA KEYS,MYC INTE,51472.63210595242,717953378.4166653,104,279,16145.0,3654480.4355109693,0
1999,FLA KEYS,MYC MICR,0.0,0.0,104,279,16145.0,3654480.4355109693,0
1999,FLA KEYS,MYC PHEN,43256.88641202974,550265248.0771987,104,279,16145.0,3654480.4355109693,0
1999,FLA KEYS,MYC TIGR,11052.612749736114,122123449.79230864,104,279,16145.0,3654480.4355109693,0
1999,FLA KEYS,MYC VENE,8760.285179526765,76584802.98688124,104,279,16145.0,3654480.4355109693,0
1999,FLA KEYS,MYR JACO,0.0,0.0,104,279,16145.0,3654480.4355109693,0
1999,FLA KEYS,NAR BANC,0.0,0.0,104,279,16145.0,3654480.4355109693,0
1999,FLA KEYS,NEG BREV,0.0,0.0,104,279,16145.0,3654480.4355109693,0
1999,FLA KEYS,NEO MARI,0.0,0.0,104,279,16145.0,3654480.4355109693,0
1999,FLA KEYS,NES LONG,0.0,0.0,104,279,16145.0,3654480.4355109693,0
1999,FLA KEYS,NIC USTA,0.0,0.0,104,279,16145.0,3654480.4355109693,0
1999,FLA KEYS,OCY CHRY,10091055.786228683,4416753475072.79,104,279,16145.0,3654480.4355109693,0
1999,FLA KEYS,ODO DENT,79748.55234149973,1921360738.5559845,104,279,16145.0,3654480.4355109693,0
1999,FLA KEYS,OGC SPE.,0.0,0.0,104,279,16145.0,3654480.4355109693,0
1999,FLA KEYS,OLI SAUR,0.0,0.0,104,279,16145.0,3654480.4355109693,0
1999,FLA KEYS,OPH MACC,1761.3147035503084,3080793.7598993885,104,279,16145.0,3654480.4355109693,0
1999,FLA KEYS,OPI AURI,765662.0022122974,19828986098.740215,104,279,16145.0,3654480.4355109693,0
1999,FLA KEYS,OPI MACR,0.0,0.0,104,279,16145.0,3654480.4355109693,0
1999,FLA KEYS,OPI SPE.,0.0,0.0,104,279,16145.0,3654480.4355109693,0
1999,FLA KEYS,OPI WHIT,0.0,0.0,104,279,16145.0,3654480.4355109693,0
1999,FLA KEYS,ORT CHRY,0.0,0.0,104,279,16145.0,3654480.4355109693,0
1999,FLA KEYS,OXY STIG,0.0,0.0,104,279,16145.0,3654480.4355109693,0
1999,FLA KEYS,PAG PAGR,0.0,0.0,104,279,16145.0,3654480.4355109693,0
1999,FLA KEYS,PAR ACUM,220026.6317089333,7598993505.985403,104,279,16145.0,3654480.4355109693,0
1999,FLA KEYS,PAR ALBI,0.0,0.0,104,279,16145.0,3654480.4355109693,0
1999,FLA KEYS,PAR BAIR,4480.774317027583,20036088.86869191,104,279,16145.0,3654480.4355109693,0
1999,FLA KEYS,PAR FURC,0.0,0.0,104,279,16145.0,3654480.4355109693,0
1999,FLA KEYS,PAR MARM,159977.46080169114,3081229555.7674236,104,279,16145.0,3654480.4355109693,0
1999,FLA KEYS,PAR MARN,0.0,0.0,104,279,16145.0,3654480.4355109693,0
1999,FLA KEYS,PAR NIGR,0.0,0.0,104,279,16145.0,3654480.4355109693,0
1999,FLA KEYS,PAR UMBR,0.0,0.0,104,279,16145.0,3654480.4355109693,0
1999,FLA KEYS,PEM SCHO,2988.6764694573976,9008290.078403542,104,279,16145.0,3654480.4355109693,0
1999,FLA KEYS,PHA XENU,0.0,0.0,104,279,16145.0,3654480.4355109693,0
1999,FLA KEYS,POM ARCU,2563412.229962712,71448271768.40428,104,279,16145.0,3654480.4355109693,0
1999,FLA KEYS,POM PARU,351102.9577541304,5514527580.676187,104,279,16145.0,3654480.4355109693,0
1999,FLA KEYS,PRI AQUI,0.0,0.0,104,279,16145.0,3654480.4355109693,0
1999,FLA KEYS,PRI AREN,0.0,0.0,104,279,16145.0,3654480.4355109693,0
1999,FLA KEYS,PRI HIPO,0.0,0.0,104,279,16145.0,3654480.4355109693,0
1999,FLA KEYS,PRI OPHR,0.0,0.0,104,279,16145.0,3654480.4355109693,0
1999,FLA KEYS,PRI PECT,0.0,0.0,104,279,16145.0,3654480.4355109693,0
1999,FLA KEYS,PRO ACUL,0.0,0.0,104,279,16145.0,3654480.4355109693,0
1999,FLA KEYS,PSE MACU,1251807.948563811,65036400438.98453,104,279,16145.0,3654480.4355109693,0
1999,FLA KEYS,PTE CALL,594227.6642976595,35402565853.05582,104,279,16145.0,3654480.4355109693,0
1999,FLA KEYS,PTE HELE,43801.42589763382,670181906.4660987,104,279,16145.0,3654480.4355109693,0
1999,FLA KEYS,PTE VOLI,0.0,0.0,104,279,16145.0,3654480.4355109693,0
1999,FLA KEYS,RAC CANA,0.0,0.0,104,279,16145.0,3654480.4355109693,0
1999,FLA KEYS,REM REMO,0.0,0.0,104,279,16145.0,3654480.4355109693,0
1999,FLA KEYS,RHO AURO,0.0,0.0,104,279,16145.0,3654480.4355109693,0
1999,FLA KEYS,RYP MACU,0.0,0.0,104,279,16145.0,3654480.4355109693,0
1999,FLA KEYS,RYP SAPO,3889.5666197098835,15130931.524835397,104,279,16145.0,3654480.4355109693,0
1999,FLA KEYS,SAR AURI,0.0,0.0,104,279,16145.0,3654480.4355109693,0
1999,FLA KEYS,SAR CORU,0.0,0.0,104,279,16145.0,3654480.4355109693,0
1999,FLA KEYS,SAR VEXI,1492.097847570185,2245324.7405624557,104,279,16145.0,3654480.4355109693,0
1999,FLA KEYS,SCA COEL,485545.0831484828,32976790518.412186,104,279,16145.0,3654480.4355109693,0
1999,FLA KEYS,SCA COER,490475.52761616826,11983824726.77055,104,279,16145.0,3654480.4355109693,0
1999,FLA KEYS,SCA CRIS,0.0,0.0,104,279,16145.0,3654480.4355109693,0
1999,FLA KEYS,SCA GUAC,507962.0751252973,29797104564.701927,104,279,16145.0,3654480.4355109693,0
1999,FLA KEYS,SCA ISER,21570116.935128797,3541580147528.928,104,279,16145.0,3654480.4355109693,0
1999,FLA KEYS,SCA SPE.,0.0,0.0,104,279,16145.0,3654480.4355109693,0
1999,FLA KEYS,SCA TAEN,521256.21871538373,27250186425.506607,104,279,16145.0,3654480.4355109693,0
1999,FLA KEYS,SCA VETU,221133.45559285214,3282046338.9108777,104,279,16145.0,3654480.4355109693,0
1999,FLA KEYS,SCH BETA,0.0,0.0,104,279,16145.0,3654480.4355109693,0
1999,FLA KEYS,SCO CARI,0.0,0.0,104,279,16145.0,3654480.4355109693,0
1999,FLA KEYS,SCO CAVA,0.0,0.0,104,279,16145.0,3654480.4355109693,0
1999,FLA KEYS,SCO MACU,0.0,0.0,104,279,16145.0,3654480.4355109693,0
1999,FLA KEYS,SCO PLUM,17029.99438900003,108109219.54054123,104,279,16145.0,3654480.4355109693,0
1999,FLA KEYS,SCO REGA,17520.57035905353,306339211.94752496,104,279,16145.0,3654480.4355109693,0
1999,FLA KEYS,SEL VOME,0.0,0.0,104,279,16145.0,3654480.4355109693,0
1999,FLA KEYS,SER ANNU,0.0,0.0,104,279,16145.0,3654480.4355109693,0
1999,FLA KEYS,SER BALD,392503.6730466887,12088652301.523916,104,279,16145.0,3654480.4355109693,0
1999,FLA KEYS,SER DUME,14524.362214015928,210928048.99950567,104,279,16145.0,3654480.4355109693,0
1999,FLA KEYS,SER PHOE,0.0,0.0,104,279,16145.0,3654480.4355109693,0
1999,FLA KEYS,SER RIVO,0.0,0.0,104,279,16145.0,3654480.4355109693,0
1999,FLA KEYS,SER SPE.,0.0,0.0,104,279,16145.0,3654480.4355109693,0
1999,FLA KEYS,SER SUBL,0.0,0.0,104,279,16145.0,3654480.4355109693,0
1999,FLA KEYS,SER TABA,304037.4417354485,5997099402.572392,104,279,16145.0,3654480.4355109693,0
1999,FLA KEYS,SER TIGR,1161459.2417216136,15760544477.954239,104,279,16145.0,3654480.4355109693,0
1999,FLA KEYS,SER TORT,0.0,0.0,104,279,16145.0,3654480.4355109693,0
1999,FLA KEYS,SPA ATOM,1427647.250022344,70609249388.6927,104,279,16145.0,3654480.4355109693,0
1999,FLA KEYS,SPA AURO,10960026.764819553,826340385914.2354,104,279,16145.0,3654480.4355109693,0
1999,FLA KEYS,SPA CHRY,2460922.419769621,263256663472.3458,104,279,16145.0,3654480.4355109693,0
1999,FLA KEYS,SPA RADI,45152.102233393816,684309089.0514984,104,279,16145.0,3654480.4355109693,0
1999,FLA KEYS,SPA RUBR,792243.5621862151,40644251704.25458,104,279,16145.0,3654480.4355109693,0
1999,FLA KEYS,SPA SPE.,0.0,0.0,104,279,16145.0,3654480.4355109693,0
1999,FLA KEYS,SPA VIRI,3973178.663277907,288543282771.80365,104,279,16145.0,3654480.4355109693,0
1999,FLA KEYS,SPH BARR,507967.4702494159,30948987936.916557,104,279,16145.0,3654480.4355109693,0
1999,FLA KEYS,SPH GUAC,0.0,0.0,104,279,16145.0,3654480.4355109693,0
1999,FLA KEYS,SPH LEWI,3889.5666197098835,15130931.524835397,104,279,16145.0,3654480.4355109693,0
1999,FLA KEYS,SPH MOKA,0.0,0.0,104,279,16145.0,3654480.4355109693,0
1999,FLA KEYS,SPH PICU,0.0,0.0,104,279,16145.0,3654480.4355109693,0
1999,FLA KEYS,SPH SPEN,3889.5666197098835,15130931.524835397,104,279,16145.0,3654480.4355109693,0
1999,FLA KEYS,SPH TEST,0.0,0.0,104,279,16145.0,3654480.4355109693,0
1999,FLA KEYS,SPH TIBU,0.0,0.0,104,279,16145.0,3654480.4355109693,0
1999,FLA KEYS,SRR SPE.,0.0,0.0,104,279,16145.0,3654480.4355109693,0
1999,FLA KEYS,STE ADUS,553240.1907541406,15123305456.822565,104,279,16145.0,3654480.4355109693,0
1999,FLA KEYS,STE DIEN,190883.09321497136,35302685280.05561,104,279,16145.0,3654480.4355109693,0
1999,FLA KEYS,STE HISP,4380.142589763383,19230685.070267446,104,279,16145.0,3654480.4355109693,0
1999,FLA KEYS,STE LEUC,664701.3920518529,12569134619.989222,104,279,16145.0,3654480.4355109693,0
1999,FLA KEYS,STE PART,40430330.49890189,30464881503583.254,104,279,16145.0,3654480.4355109693,0
1999,FLA KEYS,STE PLAN,2672349.904129814,187519396486.49124,104,279,16145.0,3654480.4355109693,0
1999,FLA KEYS,STE SPE.,0.0,0.0,104,279,16145.0,3654480.4355109693,0
1999,FLA KEYS,STE VARI,4106704.478316087,397054672981.68146,104,279,16145.0,3654480.4355109693,0
1999,FLA KEYS,STR NOTA,0.0,0.0,104,279,16145.0,3654480.4355109693,0
1999,FLA KEYS,STR TIMU,0.0,0.0,104,279,16145.0,3654480.4355109693,0
1999,FLA KEYS,SYA MICR,0.0,0.0,104,279,16145.0,3654480.4355109693,0
1999,FLA KEYS,SYN FOET,0.0,0.0,104,279,16145.0,3654480.4355109693,0
1999,FLA KEYS,SYN INTE,43801.42589763382,511923637.08684886,104,279,16145.0,3654480.4355109693,0
1999,FLA KEYS,SYN SCOV,0.0,0.0,104,279,16145.0,3654480.4355109693,0
1999,FLA KEYS,SYN SYNO,0.0,0.0,104,279,16145.0,3654480.4355109693,0
1999,FLA KEYS,THA BIFA,55872952.31010908,23777151693461.08,104,279,16145.0,3654480.4355109693,0
1999,FLA KEYS,TRA FALC,0.0,0.0,104,279,16145.0,3654480.4355109693,0
1999,FLA KEYS,TYL CROC,0.0,0.0,104,279,16145.0,3654480.4355109693,0
1999,FLA KEYS,UNK SPE.,11070133.320095167,122123600576749.58,104,279,16145.0,3654480.4355109693,0
1999,FLA KEYS,URO JAMA,233565.20408292412,2751500051.9099827,104,279,16145.0,3654480.4355109693,0
1999,FLA KEYS,XYR MART,13430.01456267996,139037623.55306527,104,279,16145.0,3654480.4355109693,0
1999,FLA KEYS,XYR NOVA,0.0,0.0,104,279,16145.0,3654480.4355109693,0
1999,FLA KEYS,XYR SPE.,157685.13323148177,24922967851.066612,104,279,16145.0,3654480.4355109693,0
1999,FLA KEYS,XYR SPLE,203296.04619538094,5225953671.882116,104,279,16145.0,3654480.4355109693,0
1999,FLA KEYS,ABU SAXA,919526.140792576,86868793869.97018,57,161,748.0,169312.56523767143,1
1999,FLA KEYS,ACA ASPE,0.0,0.0,57,161,748.0,169312.56523767143,1
1999,FLA KEYS,ACA BAHI,434364.7269375196,2065961970.8773718,57,161,748.0,169312.56523767143,1
1999,FLA KEYS,ACA CHAP,0.0,0.0,57,161,748.0,169312.56523767143,1
1999,FLA KEYS,ACA CHIR,138066.42741491142,1355071168.1479106,57,161,748.0,169312.56523767143,1
1999,FLA KEYS,ACA COER,380380.3833560854,3264470408.0033727,57,161,748.0,169312.56523767143,1
1999,FLA KEYS,ACA MARI,0.0,0.0,57,161,748.0,169312.56523767143,1
1999,FLA KEYS,ACA POLY,3093.5005235046915,9566651.988400295,57,161,748.0,169312.56523767143,1
1999,FLA KEYS,ACA QUAD,924.1583338121598,212147.51348028143,57,161,748.0,169312.56523767143,1
1999,FLA KEYS,ACA SOLA,0.0,0.0,57,161,748.0,169312.56523767143,1
1999,FLA KEYS,ACA SPE.,0.0,0.0,57,161,748.0,169312.56523767143,1
1999,FLA KEYS,ACA SPIN,0.0,0.0,57,161,748.0,169312.56523767143,1
1999,FLA KEYS,AET NARI,0.0,0.0,57,161,748.0,169312.56523767143,1
1999,FLA KEYS,AHL EGMO,0.0,0.0,57,161,748.0,169312.56523767143,1
1999,FLA KEYS,ALB VULP,0.0,0.0,57,161,748.0,169312.56523767143,1
1999,FLA KEYS,ALE CILI,268.3386567398838,78653.56867026951,57,161,748.0,169312.56523767143,1
1999,FLA KEYS,ALP AFER,0.0,0.0,57,161,748.0,169312.56523767143,1
1999,FLA KEYS,ALU MONO,0.0,0.0,57,161,748.0,169312.56523767143,1
1999,FLA KEYS,ALU SCHO,0.0,0.0,57,161,748.0,169312.56523767143,1
1999,FLA KEYS,ALU SCRI,1073.3546269595352,589592.7685842429,57,161,748.0,169312.56523767143,1
1999,FLA KEYS,ALU SPE.,0.0,0.0,57,161,748.0,169312.56523767143,1
1999,FLA KEYS,AMB PINO,268.3386567398838,67737.17081578769,57,161,748.0,169312.56523767143,1
1999,FLA KEYS,ANC LYOL,0.0,0.0,57,161,748.0,169312.56523767143,1
1999,FLA KEYS,ANI SURI,9091.33833369329,30052474.080591787,57,161,748.0,169312.56523767143,1
1999,FLA KEYS,ANI VIRG,106219.52193314837,439019460.4395673,57,161,748.0,169312.56523767143,1
1999,FLA KEYS,ANT OCEL,0.0,0.0,57,161,748.0,169312.56523767143,1
1999,FLA KEYS,APO AURO,0.0,0.0,57,161,748.0,169312.56523767143,1
1999,FLA KEYS,APO BINO,0.0,0.0,57,161,748.0,169312.56523767143,1
1999,FLA KEYS,APO MACU,0.0,0.0,57,161,748.0,169312.56523767143,1
1999,FLA KEYS,APO PHEN,0.0,0.0,57,161,748.0,169312.56523767143,1
1999,FLA KEYS,APO PSEU,0.0,0.0,57,161,748.0,169312.56523767143,1
1999,FLA KEYS,APO QUAD,0.0,0.0,57,161,748.0,169312.56523767143,1
1999,FLA KEYS,APO TOWN,0.0,0.0,57,161,748.0,169312.56523767143,1
1999,FLA KEYS,ARC PROB,0.0,0.0,57,161,748.0,169312.56523767143,1
1999,FLA KEYS,ARC RHOM,0.0,0.0,57,161,748.0,169312.56523767143,1
1999,FLA KEYS,AST GUTT,0.0,0.0,57,161,748.0,169312.56523767143,1
1999,FLA KEYS,AST PUNC,0.0,0.0,57,161,748.0,169312.56523767143,1
1999,FLA KEYS,AST SPE.,0.0,0.0,57,161,748.0,169312.56523767143,1
1999,FLA KEYS,AST STEL,0.0,0.0,57,161,748.0,169312.56523767143,1
1999,FLA KEYS,ATH STIP,0.0,0.0,57,161,748.0,169312.56523767143,1
1999,FLA KEYS,AUL MACU,7073.501001464848,4983340.195286896,57,161,748.0,169312.56523767143,1
1999,FLA KEYS,BAL CAPR,0.0,0.0,57,161,748.0,169312.56523767143,1
1999,FLA KEYS,BAL SPE.,0.0,0.0,57,161,748.0,169312.56523767143,1
1999,FLA KEYS,BAL VETU,6908.047097432881,10842942.148115281,57,161,748.0,169312.56523767143,1
1999,FLA KEYS,BLE SPE.,0.0,0.0,57,161,748.0,169312.56523767143,1
1999,FLA KEYS,BOD PULC,0.0,0.0,57,161,748.0,169312.56523767143,1
1999,FLA KEYS,BOD RUFU,39463.71346526663,68753840.352751,57,161,748.0,169312.56523767143,1
1999,FLA KEYS,BOL BOQU,0.0,0.0,57,161,748.0,169312.56523767143,1
1999,FLA KEYS,BOT LUNA,0.0,0.0,57,161,748.0,169312.56523767143,1
1999,FLA KEYS,BOT OCEL,0.0,0.0,57,161,748.0,169312.56523767143,1
1999,FLA KEYS,BRO BARB,0.0,0.0,57,161,748.0,169312.56523767143,1
1999,FLA KEYS,CAL BAJO,134.1693283699419,19663.392167567377,57,161,748.0,169312.56523767143,1
1999,FLA KEYS,CAL CALA,32060.080464779447,67463345.39465895,57,161,748.0,169312.56523767143,1
1999,FLA KEYS,CAL NODO,0.0,0.0,57,161,748.0,169312.56523767143,1
1999,FLA KEYS,CAL PENN,268.3386567398838,67737.17081578769,57,161,748.0,169312.56523767143,1
1999,FLA KEYS,CAL PROR,0.0,0.0,57,161,748.0,169312.56523767143,1
1999,FLA KEYS,CAL SPE.,0.0,0.0,57,161,748.0,169312.56523767143,1
1999,FLA KEYS,CAN MACR,0.0,0.0,57,161,748.0,169312.56523767143,1
1999,FLA KEYS,CAN PULL,1192.4969905520436,237481.2354608119,57,161,748.0,169312.56523767143,1
1999,FLA KEYS,CAN ROST,61036.06534131021,63487036.40911941,57,161,748.0,169312.56523767143,1
1999,FLA KEYS,CAN SUFF,1965.566969871856,1814985.7326019972,57,161,748.0,169312.56523767143,1
1999,FLA KEYS,CAR BART,7982.314440911939,16321285.103807123,57,161,748.0,169312.56523767143,1
1999,FLA KEYS,CAR CRYS,1164948.1636044285,672483753232.5958,57,161,748.0,169312.56523767143,1
1999,FLA KEYS,CAR FALC,0.0,0.0,57,161,748.0,169312.56523767143,1
1999,FLA KEYS,CAR HIPP,0.0,0.0,57,161,748.0,169312.56523767143,1
1999,FLA KEYS,CAR LATU,0.0,0.0,57,161,748.0,169312.56523767143,1
1999,FLA KEYS,CAR LEUC,0.0,0.0,57,161,748.0,169312.56523767143,1
1999,FLA KEYS,CAR LIMB,0.0,0.0,57,161,748.0,169312.56523767143,1
1999,FLA KEYS,CAR LUGU,0.0,0.0,57,161,748.0,169312.56523767143,1
1999,FLA KEYS,CAR PERE,0.0,0.0,57,161,748.0,169312.56523767143,1
1999,FLA KEYS,CAR RUBE,253070.60854217756,13676277021.049215,57,161,748.0,169312.56523767143,1
1999,FLA KEYS,CAR SPE.,0.0,0.0,57,161,748.0,169312.56523767143,1
1999,FLA KEYS,CEN ARGI,0.0,0.0,57,161,748.0,169312.56523767143,1
1999,FLA KEYS,CEN UNDE,21034.464908936603,100665595.85122927,57,161,748.0,169312.56523767143,1
1999,FLA KEYS,CEP CRUE,44491.82952451078,84001494.33741385,57,161,748.0,169312.56523767143,1
1999,FLA KEYS,CEP FULV,536.6773134797676,131686.2901008216,57,161,748.0,169312.56523767143,1
1999,FLA KEYS,CHA CAPI,131979.70044712527,174894854.45046225,57,161,748.0,169312.56523767143,1
1999,FLA KEYS,CHA FABE,7384.7893594639445,53419500.17081686,57,161,748.0,169312.56523767143,1
1999,FLA KEYS,CHA LIMB,0.0,0.0,57,161,748.0,169312.56523767143,1
1999,FLA KEYS,CHA OCEL,62695.47129035081,89992614.75950079,57,161,748.0,169312.56523767143,1
1999,FLA KEYS,CHA SEDE,35108.19494239548,180328722.39694512,57,161,748.0,169312.56523767143,1
1999,FLA KEYS,CHA STRI,28469.090111560727,42364102.90768572,57,161,748.0,169312.56523767143,1
1999,FLA KEYS,CHI ANTE,0.0,0.0,57,161,748.0,169312.56523767143,1
1999,FLA KEYS,CHI SCHO,0.0,0.0,57,161,748.0,169312.56523767143,1
1999,FLA KEYS,CHR ATHE,0.0,0.0,57,161,748.0,169312.56523767143,1
1999,FLA KEYS,CHR CYAN,59266.44065808849,464045110.9833005,57,161,748.0,169312.56523767143,1
1999,FLA KEYS,CHR ENCH,2814.8177462102094,6275006.8438639045,57,161,748.0,169312.56523767143,1
1999,FLA KEYS,CHR INSO,2546.4790894703256,6386731.2059914125,57,161,748.0,169312.56523767143,1
1999,FLA KEYS,CHR MULT,216632.07450958557,5496201570.749893,57,161,748.0,169312.56523767143,1
1999,FLA KEYS,CHR SCOT,2683.386567398838,1895894.5216124228,57,161,748.0,169312.56523767143,1
1999,FLA KEYS,CLE PARR,273077.7401207409,23752500541.693928,57,161,748.0,169312.56523767143,1
1999,FLA KEYS,COR DICR,5074.034523102532,4817872.511585476,57,161,748.0,169312.56523767143,1
1999,FLA KEYS,COR EIDO,0.0,0.0,57,161,748.0,169312.56523767143,1
1999,FLA KEYS,COR GLAU,241312.82183425478,1164804660.652935,57,161,748.0,169312.56523767143,1
1999,FLA KEYS,COR LIPE,0.0,0.0,57,161,748.0,169312.56523767143,1
1999,FLA KEYS,COR PERS,526438.9159220137,48785041470.88909,57,161,748.0,169312.56523767143,1
1999,FLA KEYS,COR PUNC,0.0,0.0,57,161,748.0,169312.56523767143,1
1999,FLA KEYS,COR SPE.,0.0,0.0,57,161,748.0,169312.56523767143,1
1999,FLA KEYS,CRY ROSE,20051.46921740989,111049727.97763875,57,161,748.0,169312.56523767143,1
1999,FLA KEYS,CTE SAEP,0.0,0.0,57,161,748.0,169312.56523767143,1
1999,FLA KEYS,DAS AMER,1258.6360804227882,1058847.4073114262,57,161,748.0,169312.56523767143,1
1999,FLA KEYS,DEC MACA,0.0,0.0,57,161,748.0,169312.56523767143,1
1999,FLA KEYS,DEC PUNC,0.0,0.0,57,161,748.0,169312.56523767143,1
1999,FLA KEYS,DER INER,0.0,0.0,57,161,748.0,169312.56523767143,1
1999,FLA KEYS,DIO HOLO,268.3386567398838,67737.17081578769,57,161,748.0,169312.56523767143,1
1999,FLA KEYS,DIO HYST,0.0,0.0,57,161,748.0,169312.56523767143,1
1999,FLA KEYS,DIO SPE.,0.0,0.0,57,161,748.0,169312.56523767143,1
1999,FLA KEYS,DIP ARGE,0.0,0.0,57,161,748.0,169312.56523767143,1
1999,FLA KEYS,DIP FORM,0.0,0.0,57,161,748.0,169312.56523767143,1
1999,FLA KEYS,DIP HOLB,0.0,0.0,57,161,748.0,169312.56523767143,1
1999,FLA KEYS,DOR MEGA,0.0,0.0,57,161,748.0,169312.56523767143,1
1999,FLA KEYS,ECH NAUC,6883.951381317463,6104567.74123254,57,161,748.0,169312.56523767143,1
1999,FLA KEYS,ECH NEUC,0.0,0.0,57,161,748.0,169312.56523767143,1
1999,FLA KEYS,ELA BIPI,536.6773134797676,256393.48612384163,57,161,748.0,169312.56523767143,1
1999,FLA KEYS,ELA EVEL,0.0,0.0,57,161,748.0,169312.56523767143,1
1999,FLA KEYS,ELA HORS,0.0,0.0,57,161,748.0,169312.56523767143,1
1999,FLA KEYS,ELA MACR,0.0,0.0,57,161,748.0,169312.56523767143,1
1999,FLA KEYS,ELA OCEA,50118.544324068724,164274210.53004858,57,161,748.0,169312.56523767143,1
1999,FLA KEYS,ELA RAND,0.0,0.0,57,161,748.0,169312.56523767143,1
1999,FLA KEYS,ELA SAUC,0.0,0.0,57,161,748.0,169312.56523767143,1
1999,FLA KEYS,ELA SPE.,0.0,0.0,57,161,748.0,169312.56523767143,1
1999,FLA KEYS,ELA XANT,0.0,0.0,57,161,748.0,169312.56523767143,1
1999,FLA KEYS,ELO SAUR,0.0,0.0,57,161,748.0,169312.56523767143,1
1999,FLA KEYS,EMB BAHA,0.0,0.0,57,161,748.0,169312.56523767143,1
1999,FLA KEYS,EMB PAND,0.0,0.0,57,161,748.0,169312.56523767143,1
1999,FLA KEYS,EMM ATLA,0.0,0.0,57,161,748.0,169312.56523767143,1
1999,FLA KEYS,ENC NIGR,0.0,0.0,57,161,748.0,169312.56523767143,1
1999,FLA KEYS,ENN ALTI,0.0,0.0,57,161,748.0,169312.56523767143,1
1999,FLA KEYS,ENN BOEH,0.0,0.0,57,161,748.0,169312.56523767143,1
1999,FLA KEYS,EPI ADSC,5012.882516294464,4288832.422926263,57,161,748.0,169312.56523767143,1
1999,FLA KEYS,EPI DRUM,0.0,0.0,57,161,748.0,169312.56523767143,1
1999,FLA KEYS,EPI FLAV,0.0,0.0,57,161,748.0,169312.56523767143,1
1999,FLA KEYS,EPI GUTT,5008.075542624973,12254579.575150603,57,161,748.0,169312.56523767143,1
1999,FLA KEYS,EPI ITAJ,0.0,0.0,57,161,748.0,169312.56523767143,1
1999,FLA KEYS,EPI MORI,9537.829215162428,16152915.724989206,57,161,748.0,169312.56523767143,1
1999,FLA KEYS,EPI NIVE,0.0,0.0,57,161,748.0,169312.56523767143,1
1999,FLA KEYS,EPI STRI,2814.8177462102094,3117970.4593952424,57,161,748.0,169312.56523767143,1
1999,FLA KEYS,EQU LANC,1856.1003141028152,3383232.9660118353,57,161,748.0,169312.56523767143,1
1999,FLA KEYS,EQU PUNC,268.3386567398838,78653.56867026951,57,161,748.0,169312.56523767143,1
1999,FLA KEYS,EUC ARGE,0.0,0.0,57,161,748.0,169312.56523767143,1
1999,FLA KEYS,EUC GULA,0.0,0.0,57,161,748.0,169312.56523767143,1
1999,FLA KEYS,EUT ALLE,0.0,0.0,57,161,748.0,169312.56523767143,1
1999,FLA KEYS,FIS TABA,0.0,0.0,57,161,748.0,169312.56523767143,1
1999,FLA KEYS,GER CINE,68958.65374285643,4323921421.9903,57,161,748.0,169312.56523767143,1
1999,FLA KEYS,GIN CIRR,2814.8177462102094,3070375.9766957983,57,161,748.0,169312.56523767143,1
1999,FLA KEYS,GNA THOM,29915.805121579106,82594416.43943897,57,161,748.0,169312.56523767143,1
1999,FLA KEYS,GOB DILE,0.0,0.0,57,161,748.0,169312.56523767143,1
1999,FLA KEYS,GOB SPE.,3052.4891278941063,7690927.742196898,57,161,748.0,169312.56523767143,1
1999,FLA KEYS,GRA LORE,0.0,0.0,57,161,748.0,169312.56523767143,1
1999,FLA KEYS,GYM FUNE,2546.4790894703256,3002638.8058800106,57,161,748.0,169312.56523767143,1
1999,FLA KEYS,GYM MILI,805.0159702196514,213680.15356406552,57,161,748.0,169312.56523767143,1
1999,FLA KEYS,GYM MORI,805.0159702196514,202763.75570958367,57,161,748.0,169312.56523767143,1
1999,FLA KEYS,GYM NIGR,0.0,0.0,57,161,748.0,169312.56523767143,1
1999,FLA KEYS,GYM SAXI,0.0,0.0,57,161,748.0,169312.56523767143,1
1999,FLA KEYS,GYM VICI,0.0,0.0,57,161,748.0,169312.56523767143,1
1999,FLA KEYS,HAE ALBU,119.1423635925084,14429.442409661688,57,161,748.0,169312.56523767143,1
1999,FLA KEYS,HAE AURO,953504.3020206271,177206468712.0636,57,161,748.0,169312.56523767143,1
1999,FLA KEYS,HAE CARB,28402.43381566225,249501076.04454023,57,161,748.0,169312.56523767143,1
1999,FLA KEYS,HAE CHRY,100159.68785337114,1677628159.7084212,57,161,748.0,169312.56523767143,1
1999,FLA KEYS,HAE FLAV,585279.4772715546,33294014136.30976,57,161,748.0,169312.56523767143,1
1999,FLA KEYS,HAE MACR,14961.49166638316,41189534.45237839,57,161,748.0,169312.56523767143,1
1999,FLA KEYS,HAE MELA,1273.2395447351628,1644277.2841972972,57,161,748.0,169312.56523767143,1
1999,FLA KEYS,HAE PARR,13024.347905884622,59032182.9576888,57,161,748.0,169312.56523767143,1
1999,FLA KEYS,HAE PLUM,968736.5933317256,81621105747.07819,57,161,748.0,169312.56523767143,1
1999,FLA KEYS,HAE SCIU,1050345.3614319374,78647234684.89352,57,161,748.0,169312.56523767143,1
1999,FLA KEYS,HAE SPE.,100299.51602416213,5098140959.280439,57,161,748.0,169312.56523767143,1
1999,FLA KEYS,HAE STRI,0.0,0.0,57,161,748.0,169312.56523767143,1
1999,FLA KEYS,HAL BIVI,893845.2724763242,14644208816.531483,57,161,748.0,169312.56523767143,1
1999,FLA KEYS,HAL CAUD,0.0,0.0,57,161,748.0,169312.56523767143,1
1999,FLA KEYS,HAL CYAN,0.0,0.0,57,161,748.0,169312.56523767143,1
1999,FLA KEYS,HAL GARN,437981.65638998436,1832801788.8770874,57,161,748.0,169312.56523767143,1
1999,FLA KEYS,HAL MACU,337845.6687422368,3354376977.438072,57,161,748.0,169312.56523767143,1
1999,FLA KEYS,HAL PICT,0.0,0.0,57,161,748.0,169312.56523767143,1
1999,FLA KEYS,HAL POEY,3819.7186342054883,7490906.620292504,57,161,748.0,169312.56523767143,1
1999,FLA KEYS,HAL RADI,87867.8372436028,307693271.67813224,57,161,748.0,169312.56523767143,1
1999,FLA KEYS,HAR HUME,0.0,0.0,57,161,748.0,169312.56523767143,1
1999,FLA KEYS,HAR JAGU,0.0,0.0,57,161,748.0,169312.56523767143,1
1999,FLA KEYS,HEM BRAS,0.0,0.0,57,161,748.0,169312.56523767143,1
1999,FLA KEYS,HEM SIMU,928.0501570514076,845808.2415029588,57,161,748.0,169312.56523767143,1
1999,FLA KEYS,HET CRUE,928.0501570514076,845808.2415029588,57,161,748.0,169312.56523767143,1
1999,FLA KEYS,HET LONG,0.0,0.0,57,161,748.0,169312.56523767143,1
1999,FLA KEYS,HIP EREC,0.0,0.0,57,161,748.0,169312.56523767143,1
1999,FLA KEYS,HOL ADSC,29423.37265409976,160736793.72197336,57,161,748.0,169312.56523767143,1
1999,FLA KEYS,HOL BERM,16917.203123277202,41886589.55315395,57,161,748.0,169312.56523767143,1
1999,FLA KEYS,HOL CILI,13975.697890246423,7879317.190187531,57,161,748.0,169312.56523767143,1
1999,FLA KEYS,HOL RUFU,3818.414362299089,2557378.73276512,57,161,748.0,169312.56523767143,1
1999,FLA KEYS,HOL SPE.,0.0,0.0,57,161,748.0,169312.56523767143,1
1999,FLA KEYS,HOL TOWN,3389.6466102060554,6904034.541459927,57,161,748.0,169312.56523767143,1
1999,FLA KEYS,HOL TRIC,35935.97254141785,75429209.87121403,57,161,748.0,169312.56523767143,1
1999,FLA KEYS,HYP BERM,0.0,0.0,57,161,748.0,169312.56523767143,1
1999,FLA KEYS,HYP CHLO,0.0,0.0,57,161,748.0,169312.56523767143,1
1999,FLA KEYS,HYP GEMM,1944.0861865848722,1868951.6282585082,57,161,748.0,169312.56523767143,1
1999,FLA KEYS,HYP GUTT,0.0,0.0,57,161,748.0,169312.56523767143,1
1999,FLA KEYS,HYP HARR,0.0,0.0,57,161,748.0,169312.56523767143,1
1999,FLA KEYS,HYP HYBR,0.0,0.0,57,161,748.0,169312.56523767143,1
1999,FLA KEYS,HYP INDI,0.0,0.0,57,161,748.0,169312.56523767143,1
1999,FLA KEYS,HYP NIGR,928.0501570514076,845808.2415029588,57,161,748.0,169312.56523767143,1
1999,FLA KEYS,HYP PUEL,8305.60106603785,14333649.266693689,57,161,748.0,169312.56523767143,1
1999,FLA KEYS,HYP SPE.,0.0,0.0,57,161,748.0,169312.56523767143,1
1999,FLA KEYS,HYP TANN,4289.889337295983,10480197.400719041,57,161,748.0,169312.56523767143,1
1999,FLA KEYS,HYP UNIC,49529.46978063616,63313953.875179246,57,161,748.0,169312.56523767143,1
1999,FLA KEYS,INE VITT,0.0,0.0,57,161,748.0,169312.56523767143,1
1999,FLA KEYS,IST PLAT,0.0,0.0,57,161,748.0,169312.56523767143,1
1999,FLA KEYS,JEN SPE.,0.0,0.0,57,161,748.0,169312.56523767143,1
1999,FLA KEYS,KYP SECT,226908.86061991175,3468423707.8574586,57,161,748.0,169312.56523767143,1
1999,FLA KEYS,LAB BUCC,0.0,0.0,57,161,748.0,169312.56523767143,1
1999,FLA KEYS,LAB FILA,0.0,0.0,57,161,748.0,169312.56523767143,1
1999,FLA KEYS,LAB GOBI,0.0,0.0,57,161,748.0,169312.56523767143,1
1999,FLA KEYS,LAB KALI,0.0,0.0,57,161,748.0,169312.56523767143,1
1999,FLA KEYS,LAB NIGR,0.0,0.0,57,161,748.0,169312.56523767143,1
1999,FLA KEYS,LAB NUCH,0.0,0.0,57,161,748.0,169312.56523767143,1
1999,FLA KEYS,LAB SPE.,0.0,0.0,57,161,748.0,169312.56523767143,1
1999,FLA KEYS,LAC BICA,0.0,0.0,57,161,748.0,169312.56523767143,1
1999,FLA KEYS,LAC MAXI,50193.72326258767,99168844.87306966,57,161,748.0,169312.56523767143,1
1999,FLA KEYS,LAC TRIG,536.6773134797676,270948.68326315074,57,161,748.0,169312.56523767143,1
1999,FLA KEYS,LAC TRIQ,12004.536880826408,13372198.471532103,57,161,748.0,169312.56523767143,1
1999,FLA KEYS,LAG RHOM,0.0,0.0,57,161,748.0,169312.56523767143,1
1999,FLA KEYS,LIO EUKR,0.0,0.0,57,161,748.0,169312.56523767143,1
1999,FLA KEYS,LIO MOWB,0.0,0.0,57,161,748.0,169312.56523767143,1
1999,FLA KEYS,LIO RUBE,0.0,0.0,57,161,748.0,169312.56523767143,1
1999,FLA KEYS,LUT ANAL,6385.423184443055,7261690.501024507,57,161,748.0,169312.56523767143,1
1999,FLA KEYS,LUT APOD,91611.64128977462,360246203.09513456,57,161,748.0,169312.56523767143,1
1999,FLA KEYS,LUT BUCC,0.0,0.0,57,161,748.0,169312.56523767143,1
1999,FLA KEYS,LUT CYAN,2461.5964531546483,6058226.299956968,57,161,748.0,169312.56523767143,1
1999,FLA KEYS,LUT GRIS,264846.495331399,5120809877.327972,57,161,748.0,169312.56523767143,1
1999,FLA KEYS,LUT JOCU,2689.417798159848,1873789.9487287444,57,161,748.0,169312.56523767143,1
1999,FLA KEYS,LUT MAHO,9781.401309145045,37389770.39720686,57,161,748.0,169312.56523767143,1
1999,FLA KEYS,LUT SPE.,0.0,0.0,57,161,748.0,169312.56523767143,1
1999,FLA KEYS,LUT SYNA,23379.41619089616,106207776.34886625,57,161,748.0,169312.56523767143,1
1999,FLA KEYS,MAL AURO,0.0,0.0,57,161,748.0,169312.56523767143,1
1999,FLA KEYS,MAL GILL,0.0,0.0,57,161,748.0,169312.56523767143,1
1999,FLA KEYS,MAL MACR,536.6773134797676,131686.2901008216,57,161,748.0,169312.56523767143,1
1999,FLA KEYS,MAL PLUM,6749.173575267839,8190693.74774255,57,161,748.0,169312.56523767143,1
1999,FLA KEYS,MAL TRIA,17571.864258847363,31656580.058785252,57,161,748.0,169312.56523767143,1
1999,FLA KEYS,MAL VERS,0.0,0.0,57,161,748.0,169312.56523767143,1
1999,FLA KEYS,MAN BIRO,0.0,0.0,57,161,748.0,169312.56523767143,1
1999,FLA KEYS,MEG ATLA,11327.34868459905,56650833.831562854,57,161,748.0,169312.56523767143,1
1999,FLA KEYS,MEL NIGE,0.0,0.0,57,161,748.0,169312.56523767143,1
1999,FLA KEYS,MIC CARR,0.0,0.0,57,161,748.0,169312.56523767143,1
1999,FLA KEYS,MIC CHRY,78719.98563269251,212169123.50232592,57,161,748.0,169312.56523767143,1
1999,FLA KEYS,MIC MICR,0.0,0.0,57,161,748.0,169312.56523767143,1
1999,FLA KEYS,MON CILI,0.0,0.0,57,161,748.0,169312.56523767143,1
1999,FLA KEYS,MON TUCK,2814.8177462102094,3117970.4593952424,57,161,748.0,169312.56523767143,1
1999,FLA KEYS,MUL MART,228843.87410005374,29502640667.79077,57,161,748.0,169312.56523767143,1
1999,FLA KEYS,MUR RETI,0.0,0.0,57,161,748.0,169312.56523767143,1
1999,FLA KEYS,MYC ACUT,0.0,0.0,57,161,748.0,169312.56523767143,1
1999,FLA KEYS,MYC BONA,46480.39847186882,41855089.44013349,57,161,748.0,169312.56523767143,1
1999,FLA KEYS,MYC INTE,0.0,0.0,57,161,748.0,169312.56523767143,1
1999,FLA KEYS,MYC MICR,536.6773134797676,131686.2901008216,57,161,748.0,169312.56523767143,1
1999,FLA KEYS,MYC PHEN,268.3386567398838,67737.17081578769,57,161,748.0,169312.56523767143,1
1999,FLA KEYS,MYC TIGR,0.0,0.0,57,161,748.0,169312.56523767143,1
1999,FLA KEYS,MYC VENE,0.0,0.0,57,161,748.0,169312.56523767143,1
1999,FLA KEYS,MYR JACO,0.0,0.0,57,161,748.0,169312.56523767143,1
1999,FLA KEYS,NAR BANC,0.0,0.0,57,161,748.0,169312.56523767143,1
1999,FLA KEYS,NEG BREV,0.0,0.0,57,161,748.0,169312.56523767143,1
1999,FLA KEYS,NEO MARI,0.0,0.0,57,161,748.0,169312.56523767143,1
1999,FLA KEYS,NES LONG,0.0,0.0,57,161,748.0,169312.56523767143,1
1999,FLA KEYS,NIC USTA,0.0,0.0,57,161,748.0,169312.56523767143,1
1999,FLA KEYS,OCY CHRY,1485371.0922763601,171665833926.1838,57,161,748.0,169312.56523767143,1
1999,FLA KEYS,ODO DENT,23367.79426721423,216126106.28547788,57,161,748.0,169312.56523767143,1
1999,FLA KEYS,OGC SPE.,0.0,0.0,57,161,748.0,169312.56523767143,1
1999,FLA KEYS,OLI SAUR,0.0,0.0,57,161,748.0,169312.56523767143,1
1999,FLA KEYS,OPH MACC,2415.047910658954,1641945.816805997,57,161,748.0,169312.56523767143,1
1999,FLA KEYS,OPI AURI,49593.36480482425,361016520.7503744,57,161,748.0,169312.56523767143,1
1999,FLA KEYS,OPI MACR,0.0,0.0,57,161,748.0,169312.56523767143,1
1999,FLA KEYS,OPI SPE.,0.0,0.0,57,161,748.0,169312.56523767143,1
1999,FLA KEYS,OPI WHIT,268.3386567398838,78653.56867026951,57,161,748.0,169312.56523767143,1
1999,FLA KEYS,ORT CHRY,0.0,0.0,57,161,748.0,169312.56523767143,1
1999,FLA KEYS,OXY STIG,0.0,0.0,57,161,748.0,169312.56523767143,1
1999,FLA KEYS,PAG PAGR,0.0,0.0,57,161,748.0,169312.56523767143,1
1999,FLA KEYS,PAR ACUM,14802.561251555067,43276181.48192413,57,161,748.0,169312.56523767143,1
1999,FLA KEYS,PAR ALBI,0.0,0.0,57,161,748.0,169312.56523767143,1
1999,FLA KEYS,PAR BAIR,0.0,0.0,57,161,748.0,169312.56523767143,1
1999,FLA KEYS,PAR FURC,0.0,0.0,57,161,748.0,169312.56523767143,1
1999,FLA KEYS,PAR MARM,3619.8337164298605,3261775.5778131206,57,161,748.0,169312.56523767143,1
1999,FLA KEYS,PAR MARN,0.0,0.0,57,161,748.0,169312.56523767143,1
1999,FLA KEYS,PAR NIGR,0.0,0.0,57,161,748.0,169312.56523767143,1
1999,FLA KEYS,PAR UMBR,0.0,0.0,57,161,748.0,169312.56523767143,1
1999,FLA KEYS,PEM SCHO,1848.6744524999726,2476216.3327995553,57,161,748.0,169312.56523767143,1
1999,FLA KEYS,PHA XENU,0.0,0.0,57,161,748.0,169312.56523767143,1
1999,FLA KEYS,POM ARCU,83279.759099187,115668534.88081916,57,161,748.0,169312.56523767143,1
1999,FLA KEYS,POM PARU,26598.632158128126,49541546.83730218,57,161,748.0,169312.56523767143,1
1999,FLA KEYS,PRI AQUI,0.0,0.0,57,161,748.0,169312.56523767143,1
1999,FLA KEYS,PRI AREN,268.3386567398838,78653.56867026951,57,161,748.0,169312.56523767143,1
1999,FLA KEYS,PRI HIPO,0.0,0.0,57,161,748.0,169312.56523767143,1
1999,FLA KEYS,PRI OPHR,0.0,0.0,57,161,748.0,169312.56523767143,1
1999,FLA KEYS,PRI PECT,0.0,0.0,57,161,748.0,169312.56523767143,1
1999,FLA KEYS,PRO ACUL,0.0,0.0,57,161,748.0,169312.56523767143,1
1999,FLA KEYS,PSE MACU,32017.67748071543,79586935.6618732,57,161,748.0,169312.56523767143,1
1999,FLA KEYS,PTE CALL,15884.005589265977,91904086.85308531,57,161,748.0,169312.56523767143,1
1999,FLA KEYS,PTE HELE,1273.2395447351628,1644277.2841972972,57,161,748.0,169312.56523767143,1
1999,FLA KEYS,PTE VOLI,0.0,0.0,57,161,748.0,169312.56523767143,1
1999,FLA KEYS,RAC CANA,0.0,0.0,57,161,748.0,169312.56523767143,1
1999,FLA KEYS,REM REMO,0.0,0.0,57,161,748.0,169312.56523767143,1
1999,FLA KEYS,RHO AURO,0.0,0.0,57,161,748.0,169312.56523767143,1
1999,FLA KEYS,RYP MACU,0.0,0.0,57,161,748.0,169312.56523767143,1
1999,FLA KEYS,RYP SAPO,134.1693283699419,19663.392167567377,57,161,748.0,169312.56523767143,1
1999,FLA KEYS,SAR AURI,0.0,0.0,57,161,748.0,169312.56523767143,1
1999,FLA KEYS,SAR CORU,0.0,0.0,57,161,748.0,169312.56523767143,1
1999,FLA KEYS,SAR VEXI,0.0,0.0,57,161,748.0,169312.56523767143,1
1999,FLA KEYS,SCA COEL,40033.88747501291,136345639.33397347,57,161,748.0,169312.56523767143,1
1999,FLA KEYS,SCA COER,23363.2939662953,65672913.10324711,57,161,748.0,169312.56523767143,1
1999,FLA KEYS,SCA CRIS,1273.2395447351628,1644277.2841972972,57,161,748.0,169312.56523767143,1
1999,FLA KEYS,SCA GUAC,29982.861795790814,56296824.51462961,57,161,748.0,169312.56523767143,1
1999,FLA KEYS,SCA ISER,953303.605089388,12162444478.526953,57,161,748.0,169312.56523767143,1
1999,FLA KEYS,SCA SPE.,16020.91306719449,65132611.695712395,57,161,748.0,169312.56523767143,1
1999,FLA KEYS,SCA TAEN,25902.86926801195,79239212.48004016,57,161,748.0,169312.56523767143,1
1999,FLA KEYS,SCA VETU,33237.43579251144,96341174.83800974,57,161,748.0,169312.56523767143,1
1999,FLA KEYS,SCH BETA,0.0,0.0,57,161,748.0,169312.56523767143,1
1999,FLA KEYS,SCO CARI,0.0,0.0,57,161,748.0,169312.56523767143,1
1999,FLA KEYS,SCO CAVA,0.0,0.0,57,161,748.0,169312.56523767143,1
1999,FLA KEYS,SCO MACU,0.0,0.0,57,161,748.0,169312.56523767143,1
1999,FLA KEYS,SCO PLUM,0.0,0.0,57,161,748.0,169312.56523767143,1
1999,FLA KEYS,SCO REGA,2814.8177462102094,6644846.307604976,57,161,748.0,169312.56523767143,1
1999,FLA KEYS,SEL VOME,0.0,0.0,57,161,748.0,169312.56523767143,1
1999,FLA KEYS,SER ANNU,0.0,0.0,57,161,748.0,169312.56523767143,1
1999,FLA KEYS,SER BALD,15481.497604156151,28358814.88606166,57,161,748.0,169312.56523767143,1
1999,FLA KEYS,SER DUME,0.0,0.0,57,161,748.0,169312.56523767143,1
1999,FLA KEYS,SER PHOE,0.0,0.0,57,161,748.0,169312.56523767143,1
1999,FLA KEYS,SER RIVO,0.0,0.0,57,161,748.0,169312.56523767143,1
1999,FLA KEYS,SER SPE.,0.0,0.0,57,161,748.0,169312.56523767143,1
1999,FLA KEYS,SER SUBL,0.0,0.0,57,161,748.0,169312.56523767143,1
1999,FLA KEYS,SER TABA,7108.23625404835,7846267.982711075,57,161,748.0,169312.56523767143,1
1999,FLA KEYS,SER TIGR,59597.16379317663,127434139.35855302,57,161,748.0,169312.56523767143,1
1999,FLA KEYS,SER TORT,0.0,0.0,57,161,748.0,169312.56523767143,1
1999,FLA KEYS,SPA ATOM,54458.08300611607,143220137.10093987,57,161,748.0,169312.56523767143,1
1999,FLA KEYS,SPA AURO,333845.4765409541,1685468785.797762,57,161,748.0,169312.56523767143,1
1999,FLA KEYS,SPA CHRY,38569.27500676319,132629082.71687566,57,161,748.0,169312.56523767143,1
1999,FLA KEYS,SPA RADI,3129.3398588379778,2883919.1854901006,57,161,748.0,169312.56523767143,1
1999,FLA KEYS,SPA RUBR,113143.15841127803,327796023.0086952,57,161,748.0,169312.56523767143,1
1999,FLA KEYS,SPA SPE.,0.0,0.0,57,161,748.0,169312.56523767143,1
1999,FLA KEYS,SPA VIRI,209759.18616520122,756176803.0326537,57,161,748.0,169312.56523767143,1
1999,FLA KEYS,SPH BARR,41099.94858426494,98474852.73712918,57,161,748.0,169312.56523767143,1
1999,FLA KEYS,SPH GUAC,0.0,0.0,57,161,748.0,169312.56523767143,1
1999,FLA KEYS,SPH LEWI,0.0,0.0,57,161,748.0,169312.56523767143,1
1999,FLA KEYS,SPH MOKA,0.0,0.0,57,161,748.0,169312.56523767143,1
1999,FLA KEYS,SPH PICU,0.0,0.0,57,161,748.0,169312.56523767143,1
1999,FLA KEYS,SPH SPEN,268.3386567398838,67737.17081578769,57,161,748.0,169312.56523767143,1
1999,FLA KEYS,SPH TEST,0.0,0.0,57,161,748.0,169312.56523767143,1
1999,FLA KEYS,SPH TIBU,0.0,0.0,57,161,748.0,169312.56523767143,1
1999,FLA KEYS,SRR SPE.,0.0,0.0,57,161,748.0,169312.56523767143,1
1999,FLA KEYS,STE ADUS,106838.7854881807,342975688.2682506,57,161,748.0,169312.56523767143,1
1999,FLA KEYS,STE DIEN,8497.753449460077,5715612.942267376,57,161,748.0,169312.56523767143,1
1999,FLA KEYS,STE HISP,0.0,0.0,57,161,748.0,169312.56523767143,1
1999,FLA KEYS,STE LEUC,42111.104318568505,95227461.57762374,57,161,748.0,169312.56523767143,1
1999,FLA KEYS,STE PART,2947868.6673530717,654908599437.4061,57,161,748.0,169312.56523767143,1
1999,FLA KEYS,STE PLAN,107333.03487001157,1551053081.0506659,57,161,748.0,169312.56523767143,1
1999,FLA KEYS,STE SPE.,0.0,0.0,57,161,748.0,169312.56523767143,1
1999,FLA KEYS,STE VARI,191586.70332438237,446608320.27214956,57,161,748.0,169312.56523767143,1
1999,FLA KEYS,STR NOTA,0.0,0.0,57,161,748.0,169312.56523767143,1
1999,FLA KEYS,STR TIMU,0.0,0.0,57,161,748.0,169312.56523767143,1
1999,FLA KEYS,SYA MICR,0.0,0.0,57,161,748.0,169312.56523767143,1
1999,FLA KEYS,SYN FOET,0.0,0.0,57,161,748.0,169312.56523767143,1
1999,FLA KEYS,SYN INTE,0.0,0.0,57,161,748.0,169312.56523767143,1
1999,FLA KEYS,SYN SCOV,0.0,0.0,57,161,748.0,169312.56523767143,1
1999,FLA KEYS,SYN SYNO,0.0,0.0,57,161,748.0,169312.56523767143,1
1999,FLA KEYS,THA BIFA,2991668.951042025,166648578137.49298,57,161,748.0,169312.56523767143,1
1999,FLA KEYS,TRA FALC,119.1423635925084,14429.442409661688,57,161,748.0,169312.56523767143,1
1999,FLA KEYS,TYL CROC,536.6773134797676,131686.2901008216,57,161,748.0,169312.56523767143,1
1999,FLA KEYS,UNK SPE.,3183883.798044697,6363007312880.237,57,161,748.0,169312.56523767143,1
1999,FLA KEYS,URO JAMA,3351.495059689977,6703285.7598695345,57,161,748.0,169312.56523767143,1
1999,FLA KEYS,XYR MART,423.9887683968093,182332.26376735413,57,161,748.0,169312.56523767143,1
1999,FLA KEYS,XYR NOVA,0.0,0.0,57,161,748.0,169312.56523767143,1
1999,FLA KEYS,XYR SPE.,31830.988618379073,1027673302.6233108,57,161,748.0,169312.56523767143,1
1999,FLA KEYS,XYR SPLE,1809.9168582149302,1958891.558878375,57,161,748.0,169312.56523767143,1
1999,FLA KEYS,ABU SAXA,7342660.927639619,6123719472725.218,161,440,16893.0,3823793.000748641,all
1999,FLA KEYS,ACA ASPE,13241.059496554348,96620891.85557316,161,440,16893.0,3823793.000748641,all
1999,FLA KEYS,ACA BAHI,9295223.872655628,536992575300.3057,161,440,16893.0,3823793.000748641,all
1999,FLA KEYS,ACA CHAP,0.0,0.0,161,440,16893.0,3823793.000748641,all
1999,FLA KEYS,ACA CHIR,6830974.179135817,747295988851.4603,161,440,16893.0,3823793.000748641,all
1999,FLA KEYS,ACA COER,7674132.853587149,442152184613.47534,161,440,16893.0,3823793.000748641,all
1999,FLA KEYS,ACA MARI,0.0,0.0,161,440,16893.0,3823793.000748641,all
1999,FLA KEYS,ACA POLY,19374.442876245324,113594269.41507621,161,440,16893.0,3823793.000748641,all
1999,FLA KEYS,ACA QUAD,143233.9738244855,1550481681.5161035,161,440,16893.0,3823793.000748641,all
1999,FLA KEYS,ACA SOLA,0.0,0.0,161,440,16893.0,3823793.000748641,all
1999,FLA KEYS,ACA SPE.,0.0,0.0,161,440,16893.0,3823793.000748641,all
1999,FLA KEYS,ACA SPIN,0.0,0.0,161,440,16893.0,3823793.000748641,all
1999,FLA KEYS,AET NARI,0.0,0.0,161,440,16893.0,3823793.000748641,all
1999,FLA KEYS,AHL EGMO,0.0,0.0,161,440,16893.0,3823793.000748641,all
1999,FLA KEYS,ALB VULP,0.0,0.0,161,440,16893.0,3823793.000748641,all
1999,FLA KEYS,ALE CILI,268.3386567398838,78653.56867026951,161,440,16893.0,3823793.000748641,all
1999,FLA KEYS,ALP AFER,0.0,0.0,161,440,16893.0,3823793.000748641,all
1999,FLA KEYS,ALU MONO,0.0,0.0,161,440,16893.0,3823793.000748641,all
1999,FLA KEYS,ALU SCHO,0.0,0.0,161,440,16893.0,3823793.000748641,all
1999,FLA KEYS,ALU SCRI,68269.63160292704,1017122341.8490858,161,440,16893.0,3823793.000748641,all
1999,FLA KEYS,ALU SPE.,0.0,0.0,161,440,16893.0,3823793.000748641,all
1999,FLA KEYS,AMB PINO,9028.623836266648,76652540.15769704,161,440,16893.0,3823793.000748641,all
1999,FLA KEYS,ANC LYOL,0.0,0.0,161,440,16893.0,3823793.000748641,all
1999,FLA KEYS,ANI SURI,117076.94341781677,6605618657.303339,161,440,16893.0,3823793.000748641,all
1999,FLA KEYS,ANI VIRG,3535875.626884674,163749892224.8943,161,440,16893.0,3823793.000748641,all
1999,FLA KEYS,ANT OCEL,0.0,0.0,161,440,16893.0,3823793.000748641,all
1999,FLA KEYS,APO AURO,0.0,0.0,161,440,16893.0,3823793.000748641,all
1999,FLA KEYS,APO BINO,8760.285179526765,76922740.28106982,161,440,16893.0,3823793.000748641,all
1999,FLA KEYS,APO MACU,0.0,0.0,161,440,16893.0,3823793.000748641,all
1999,FLA KEYS,APO PHEN,0.0,0.0,161,440,16893.0,3823793.000748641,all
1999,FLA KEYS,APO PSEU,5840.19011968451,34112787.392878,161,440,16893.0,3823793.000748641,all
1999,FLA KEYS,APO QUAD,0.0,0.0,161,440,16893.0,3823793.000748641,all
1999,FLA KEYS,APO TOWN,0.0,0.0,161,440,16893.0,3823793.000748641,all
1999,FLA KEYS,ARC PROB,11052.612749736116,122123449.79230867,161,440,16893.0,3823793.000748641,all
1999,FLA KEYS,ARC RHOM,51472.63210595243,1997288790.7572908,161,440,16893.0,3823793.000748641,all
1999,FLA KEYS,AST GUTT,0.0,0.0,161,440,16893.0,3823793.000748641,all
1999,FLA KEYS,AST PUNC,0.0,0.0,161,440,16893.0,3823793.000748641,all
1999,FLA KEYS,AST SPE.,0.0,0.0,161,440,16893.0,3823793.000748641,all
1999,FLA KEYS,AST STEL,0.0,0.0,161,440,16893.0,3823793.000748641,all
1999,FLA KEYS,ATH STIP,0.0,0.0,161,440,16893.0,3823793.000748641,all
1999,FLA KEYS,AUL MACU,135220.08063702736,1655426779.5714033,161,440,16893.0,3823793.000748641,all
1999,FLA KEYS,BAL CAPR,129773.35694856975,2876133632.3866706,161,440,16893.0,3823793.000748641,all
1999,FLA KEYS,BAL SPE.,0.0,0.0,161,440,16893.0,3823793.000748641,all
1999,FLA KEYS,BAL VETU,285690.08479487675,3719982239.5943155,161,440,16893.0,3823793.000748641,all
1999,FLA KEYS,BLE SPE.,0.0,0.0,161,440,16893.0,3823793.000748641,all
1999,FLA KEYS,BOD PULC,34065.82896811975,477839917.9542413,161,440,16893.0,3823793.000748641,all
1999,FLA KEYS,BOD RUFU,659356.9975025734,9151633772.2659,161,440,16893.0,3823793.000748641,all
1999,FLA KEYS,BOL BOQU,0.0,0.0,161,440,16893.0,3823793.000748641,all
1999,FLA KEYS,BOT LUNA,5526.306374868058,30678025.231975976,161,440,16893.0,3823793.000748641,all
1999,FLA KEYS,BOT OCEL,1492.0978475701852,2245324.7405624553,161,440,16893.0,3823793.000748641,all
1999,FLA KEYS,BRO BARB,0.0,0.0,161,440,16893.0,3823793.000748641,all
1999,FLA KEYS,CAL BAJO,22239.394827842174,488513462.56140226,161,440,16893.0,3823793.000748641,all
1999,FLA KEYS,CAL CALA,1598538.954024352,32873339209.479122,161,440,16893.0,3823793.000748641,all
1999,FLA KEYS,CAL NODO,0.0,0.0,161,440,16893.0,3823793.000748641,all
1999,FLA KEYS,CAL PENN,9028.623836266648,76652540.15769704,161,440,16893.0,3823793.000748641,all
1999,FLA KEYS,CAL PROR,43801.425897633824,1291049241.3923109,161,440,16893.0,3823793.000748641,all
1999,FLA KEYS,CAL SPE.,8760.285179526765,76584802.98688126,161,440,16893.0,3823793.000748641,all
1999,FLA KEYS,CAN MACR,25531.803502320894,180475026.70835242,161,440,16893.0,3823793.000748641,all
1999,FLA KEYS,CAN PULL,33307.70245869717,251027348.1319852,161,440,16893.0,3823793.000748641,all
1999,FLA KEYS,CAN ROST,1516536.978876245,29988884096.708824,161,440,16893.0,3823793.000748641,all
1999,FLA KEYS,CAN SUFF,176006.6500139955,17794988009.55978,161,440,16893.0,3823793.000748641,all
1999,FLA KEYS,CAR BART,635663.9924968517,75692112983.67172,161,440,16893.0,3823793.000748641,all
1999,FLA KEYS,CAR CRYS,1965269.8085881837,803210251453.802,161,440,16893.0,3823793.000748641,all
1999,FLA KEYS,CAR FALC,0.0,0.0,161,440,16893.0,3823793.000748641,all
1999,FLA KEYS,CAR HIPP,11052.612749736116,122123449.79230867,161,440,16893.0,3823793.000748641,all
1999,FLA KEYS,CAR LATU,525617.1107716059,275705290752.7725,161,440,16893.0,3823793.000748641,all
1999,FLA KEYS,CAR LEUC,0.0,0.0,161,440,16893.0,3823793.000748641,all
1999,FLA KEYS,CAR LIMB,8760.285179526765,76584802.98688126,161,440,16893.0,3823793.000748641,all
1999,FLA KEYS,CAR LUGU,0.0,0.0,161,440,16893.0,3823793.000748641,all
1999,FLA KEYS,CAR PERE,0.0,0.0,161,440,16893.0,3823793.000748641,all
1999,FLA KEYS,CAR RUBE,5315272.350495105,1721497188599.7668,161,440,16893.0,3823793.000748641,all
1999,FLA KEYS,CAR SPE.,0.0,0.0,161,440,16893.0,3823793.000748641,all
1999,FLA KEYS,CEN ARGI,8760.285179526765,76584802.98688126,161,440,16893.0,3823793.000748641,all
1999,FLA KEYS,CEN UNDE,21034.464908936603,100665595.8512292,161,440,16893.0,3823793.000748641,all
1999,FLA KEYS,CEP CRUE,1059104.5885270762,24454357178.343365,161,440,16893.0,3823793.000748641,all
1999,FLA KEYS,CEP FULV,62163.81784808664,696804114.4164469,161,440,16893.0,3823793.000748641,all
1999,FLA KEYS,CHA CAPI,2746403.170425687,76798555158.42555,161,440,16893.0,3823793.000748641,all
1999,FLA KEYS,CHA FABE,109357.69368538122,2026758052.145673,161,440,16893.0,3823793.000748641,all
1999,FLA KEYS,CHA LIMB,0.0,0.0,161,440,16893.0,3823793.000748641,all
1999,FLA KEYS,CHA OCEL,2560797.940991697,60808572071.84577,161,440,16893.0,3823793.000748641,all
1999,FLA KEYS,CHA SEDE,907329.5673001827,18888934209.274075,161,440,16893.0,3823793.000748641,all
1999,FLA KEYS,CHA STRI,608328.3393929345,6480234801.118249,161,440,16893.0,3823793.000748641,all
1999,FLA KEYS,CHI ANTE,0.0,0.0,161,440,16893.0,3823793.000748641,all
1999,FLA KEYS,CHI SCHO,4380.142589763383,19230685.070267454,161,440,16893.0,3823793.000748641,all
1999,FLA KEYS,CHR ATHE,0.0,0.0,161,440,16893.0,3823793.000748641,all
1999,FLA KEYS,CHR CYAN,784864.2940561012,45074100785.79182,161,440,16893.0,3823793.000748641,all
1999,FLA KEYS,CHR ENCH,2814.8177462102094,6275006.8438639045,161,440,16893.0,3823793.000748641,all
1999,FLA KEYS,CHR INSO,63868.47534615768,1576544161.0841513,161,440,16893.0,3823793.000748641,all
1999,FLA KEYS,CHR MULT,3048242.5451360517,3167753871178.382,161,440,16893.0,3823793.000748641,all
1999,FLA KEYS,CHR SCOT,515160.06956971466,168381176713.59348,161,440,16893.0,3823793.000748641,all
1999,FLA KEYS,CLE PARR,3222208.9091607374,2367619189540.9487,161,440,16893.0,3823793.000748641,all
1999,FLA KEYS,COR DICR,255740.8981879612,10487410175.634706,161,440,16893.0,3823793.000748641,all
1999,FLA KEYS,COR EIDO,0.0,0.0,161,440,16893.0,3823793.000748641,all
1999,FLA KEYS,COR GLAU,6239081.258944403,761063107680.6823,161,440,16893.0,3823793.000748641,all
1999,FLA KEYS,COR LIPE,0.0,0.0,161,440,16893.0,3823793.000748641,all
1999,FLA KEYS,COR PERS,3479896.898074124,1451891970293.0117,161,440,16893.0,3823793.000748641,all
1999,FLA KEYS,COR PUNC,0.0,0.0,161,440,16893.0,3823793.000748641,all
1999,FLA KEYS,COR SPE.,0.0,0.0,161,440,16893.0,3823793.000748641,all
1999,FLA KEYS,CRY ROSE,841496.2740725813,50621530239.393776,161,440,16893.0,3823793.000748641,all
1999,FLA KEYS,CTE SAEP,0.0,0.0,161,440,16893.0,3823793.000748641,all
1999,FLA KEYS,DAS AMER,5739.4103974503705,21094936.27600334,161,440,16893.0,3823793.000748641,all
1999,FLA KEYS,DEC MACA,1492.0978475701852,2245324.7405624553,161,440,16893.0,3823793.000748641,all
1999,FLA KEYS,DEC PUNC,0.0,0.0,161,440,16893.0,3823793.000748641,all
1999,FLA KEYS,DER INER,0.0,0.0,161,440,16893.0,3823793.000748641,all
1999,FLA KEYS,DIO HOLO,39061.85447497742,319395431.385795,161,440,16893.0,3823793.000748641,all
1999,FLA KEYS,DIO HYST,7262.181107007965,52732012.24987641,161,440,16893.0,3823793.000748641,all
1999,FLA KEYS,DIO SPE.,0.0,0.0,161,440,16893.0,3823793.000748641,all
1999,FLA KEYS,DIP ARGE,0.0,0.0,161,440,16893.0,3823793.000748641,all
1999,FLA KEYS,DIP FORM,0.0,0.0,161,440,16893.0,3823793.000748641,all
1999,FLA KEYS,DIP HOLB,0.0,0.0,161,440,16893.0,3823793.000748641,all
1999,FLA KEYS,DOR MEGA,0.0,0.0,161,440,16893.0,3823793.000748641,all
1999,FLA KEYS,ECH NAUC,87873.39210766934,2052411149.5566683,161,440,16893.0,3823793.000748641,all
1999,FLA KEYS,ECH NEUC,0.0,0.0,161,440,16893.0,3823793.000748641,all
1999,FLA KEYS,ELA BIPI,536.6773134797676,256393.4861238416,161,440,16893.0,3823793.000748641,all
1999,FLA KEYS,ELA EVEL,0.0,0.0,161,440,16893.0,3823793.000748641,all
1999,FLA KEYS,ELA HORS,0.0,0.0,161,440,16893.0,3823793.000748641,all
1999,FLA KEYS,ELA MACR,0.0,0.0,161,440,16893.0,3823793.000748641,all
1999,FLA KEYS,ELA OCEA,1012617.8834639655,70287996371.01382,161,440,16893.0,3823793.000748641,all
1999,FLA KEYS,ELA RAND,0.0,0.0,161,440,16893.0,3823793.000748641,all
1999,FLA KEYS,ELA SAUC,0.0,0.0,161,440,16893.0,3823793.000748641,all
1999,FLA KEYS,ELA SPE.,0.0,0.0,161,440,16893.0,3823793.000748641,all
1999,FLA KEYS,ELA XANT,0.0,0.0,161,440,16893.0,3823793.000748641,all
1999,FLA KEYS,ELO SAUR,0.0,0.0,161,440,16893.0,3823793.000748641,all
1999,FLA KEYS,EMB BAHA,0.0,0.0,161,440,16893.0,3823793.000748641,all
1999,FLA KEYS,EMB PAND,0.0,0.0,161,440,16893.0,3823793.000748641,all
1999,FLA KEYS,EMM ATLA,0.0,0.0,161,440,16893.0,3823793.000748641,all
1999,FLA KEYS,ENC NIGR,0.0,0.0,161,440,16893.0,3823793.000748641,all
1999,FLA KEYS,ENN ALTI,0.0,0.0,161,440,16893.0,3823793.000748641,all
1999,FLA KEYS,ENN BOEH,0.0,0.0,161,440,16893.0,3823793.000748641,all
1999,FLA KEYS,EPI ADSC,143715.36502484916,2200423396.224746,161,440,16893.0,3823793.000748641,all
1999,FLA KEYS,EPI DRUM,0.0,0.0,161,440,16893.0,3823793.000748641,all
1999,FLA KEYS,EPI FLAV,0.0,0.0,161,440,16893.0,3823793.000748641,all
1999,FLA KEYS,EPI GUTT,167929.8086977353,4772168092.042404,161,440,16893.0,3823793.000748641,all
1999,FLA KEYS,EPI ITAJ,17520.57035905353,306339211.947525,161,440,16893.0,3823793.000748641,all
1999,FLA KEYS,EPI MORI,645646.2841050375,14018282494.427832,161,440,16893.0,3823793.000748641,all
1999,FLA KEYS,EPI NIVE,0.0,0.0,161,440,16893.0,3823793.000748641,all
1999,FLA KEYS,EPI STRI,52006.68581506898,392783301.9716536,161,440,16893.0,3823793.000748641,all
1999,FLA KEYS,EQU LANC,6336.8746311303985,23419321.834703747,161,440,16893.0,3823793.000748641,all
1999,FLA KEYS,EQU PUNC,268.3386567398838,78653.56867026951,161,440,16893.0,3823793.000748641,all
1999,FLA KEYS,EUC ARGE,0.0,0.0,161,440,16893.0,3823793.000748641,all
1999,FLA KEYS,EUC GULA,0.0,0.0,161,440,16893.0,3823793.000748641,all
1999,FLA KEYS,EUT ALLE,0.0,0.0,161,440,16893.0,3823793.000748641,all
1999,FLA KEYS,FIS TABA,0.0,0.0,161,440,16893.0,3823793.000748641,all
1999,FLA KEYS,GER CINE,190059.37072228116,12450259636.974022,161,440,16893.0,3823793.000748641,all
1999,FLA KEYS,GIN CIRR,30580.239456780488,183911635.5727122,161,440,16893.0,3823793.000748641,all
1999,FLA KEYS,GNA THOM,560494.1502999802,32450876379.051147,161,440,16893.0,3823793.000748641,all
1999,FLA KEYS,GOB DILE,0.0,0.0,161,440,16893.0,3823793.000748641,all
1999,FLA KEYS,GOB SPE.,17647.1242369857,116431793.44017966,161,440,16893.0,3823793.000748641,all
1999,FLA KEYS,GRA LORE,0.0,0.0,161,440,16893.0,3823793.000748641,all
1999,FLA KEYS,GYM FUNE,79055.14549879462,1873752772.193042,161,440,16893.0,3823793.000748641,all
1999,FLA KEYS,GYM MILI,14046.075466773998,97384819.64972696,161,440,16893.0,3823793.000748641,all
1999,FLA KEYS,GYM MORI,38828.826932835495,295231841.38479596,161,440,16893.0,3823793.000748641,all
1999,FLA KEYS,GYM NIGR,0.0,0.0,161,440,16893.0,3823793.000748641,all
1999,FLA KEYS,GYM SAXI,11052.612749736116,122123449.79230867,161,440,16893.0,3823793.000748641,all
1999,FLA KEYS,GYM VICI,0.0,0.0,161,440,16893.0,3823793.000748641,all
1999,FLA KEYS,HAE ALBU,17639.71272264604,150460933.07000455,161,440,16893.0,3823793.000748641,all
1999,FLA KEYS,HAE AURO,40970014.11881104,273432200833687.47,161,440,16893.0,3823793.000748641,all
1999,FLA KEYS,HAE CARB,377090.85867802455,26792498834.29838,161,440,16893.0,3823793.000748641,all
1999,FLA KEYS,HAE CHRY,1905904.5904162817,902215918821.6659,161,440,16893.0,3823793.000748641,all
1999,FLA KEYS,HAE FLAV,11899194.467253357,15484804451516.953,161,440,16893.0,3823793.000748641,all
1999,FLA KEYS,HAE MACR,66960.8726515914,733566161.0792067,161,440,16893.0,3823793.000748641,all
1999,FLA KEYS,HAE MELA,2164395.880488202,3609596332773.8276,161,440,16893.0,3823793.000748641,all
1999,FLA KEYS,HAE PARR,702451.7839563165,105647442512.99524,161,440,16893.0,3823793.000748641,all
1999,FLA KEYS,HAE PLUM,19231896.886333756,11347175571227.857,161,440,16893.0,3823793.000748641,all
1999,FLA KEYS,HAE SCIU,16603735.41289504,29795287333750.67,161,440,16893.0,3823793.000748641,all
1999,FLA KEYS,HAE SPE.,2067333.4935565908,1327505695141.164,161,440,16893.0,3823793.000748641,all
1999,FLA KEYS,HAE STRI,38748.923478106786,1491104179.791304,161,440,16893.0,3823793.000748641,all
1999,FLA KEYS,HAL BIVI,19904402.971133895,2873003251345.3823,161,440,16893.0,3823793.000748641,all
1999,FLA KEYS,HAL CAUD,0.0,0.0,161,440,16893.0,3823793.000748641,all
1999,FLA KEYS,HAL CYAN,35041.14071810706,290676472.4588966,161,440,16893.0,3823793.000748641,all
1999,FLA KEYS,HAL GARN,12538267.426260827,1388266393185.9924,161,440,16893.0,3823793.000748641,all
1999,FLA KEYS,HAL MACU,5235315.800230699,338875026812.3205,161,440,16893.0,3823793.000748641,all
1999,FLA KEYS,HAL PICT,0.0,0.0,161,440,16893.0,3823793.000748641,all
1999,FLA KEYS,HAL POEY,253944.49091713902,28435268166.649944,161,440,16893.0,3823793.000748641,all
1999,FLA KEYS,HAL RADI,862803.4298078575,15047077032.6314,161,440,16893.0,3823793.000748641,all
1999,FLA KEYS,HAR HUME,0.0,0.0,161,440,16893.0,3823793.000748641,all
1999,FLA KEYS,HAR JAGU,0.0,0.0,161,440,16893.0,3823793.000748641,all
1999,FLA KEYS,HEM BRAS,0.0,0.0,161,440,16893.0,3823793.000748641,all
1999,FLA KEYS,HEM SIMU,928.0501570514076,845808.241502959,161,440,16893.0,3823793.000748641,all
1999,FLA KEYS,HET CRUE,18448.620516104937,306734437.1301099,161,440,16893.0,3823793.000748641,all
1999,FLA KEYS,HET LONG,0.0,0.0,161,440,16893.0,3823793.000748641,all
1999,FLA KEYS,HIP EREC,0.0,0.0,161,440,16893.0,3823793.000748641,all
1999,FLA KEYS,HOL ADSC,624192.8394348872,62335910256.06118,161,440,16893.0,3823793.000748641,all
1999,FLA KEYS,HOL BERM,448369.06626227306,12098938731.433308,161,440,16893.0,3823793.000748641,all
1999,FLA KEYS,HOL CILI,401437.1546013367,5619717957.146638,161,440,16893.0,3823793.000748641,all
1999,FLA KEYS,HOL RUFU,297802.41900422063,28276011413.448925,161,440,16893.0,3823793.000748641,all
1999,FLA KEYS,HOL SPE.,0.0,0.0,161,440,16893.0,3823793.000748641,all
1999,FLA KEYS,HOL TOWN,14442.25935994217,129027484.33376859,161,440,16893.0,3823793.000748641,all
1999,FLA KEYS,HOL TRIC,491686.6427707176,9426815289.847366,161,440,16893.0,3823793.000748641,all
1999,FLA KEYS,HYP BERM,0.0,0.0,161,440,16893.0,3823793.000748641,all
1999,FLA KEYS,HYP CHLO,0.0,0.0,161,440,16893.0,3823793.000748641,all
1999,FLA KEYS,HYP GEMM,86622.77725410543,887711895.0890357,161,440,16893.0,3823793.000748641,all
1999,FLA KEYS,HYP GUTT,13140.427769290147,94453936.88406491,161,440,16893.0,3823793.000748641,all
1999,FLA KEYS,HYP HARR,0.0,0.0,161,440,16893.0,3823793.000748641,all
1999,FLA KEYS,HYP HYBR,0.0,0.0,161,440,16893.0,3823793.000748641,all
1999,FLA KEYS,HYP INDI,0.0,0.0,161,440,16893.0,3823793.000748641,all
1999,FLA KEYS,HYP NIGR,11980.662906787524,122969258.03381163,161,440,16893.0,3823793.000748641,all
1999,FLA KEYS,HYP PUEL,262360.1115997959,6420512983.710557,161,440,16893.0,3823793.000748641,all
1999,FLA KEYS,HYP SPE.,11052.612749736116,122123449.79230867,161,440,16893.0,3823793.000748641,all
1999,FLA KEYS,HYP TANN,4289.889337295984,10480197.400719043,161,440,16893.0,3823793.000748641,all
1999,FLA KEYS,HYP UNIC,785730.5656443728,27943673381.767303,161,440,16893.0,3823793.000748641,all
1999,FLA KEYS,INE VITT,40881.330837791575,1663416087.1904979,161,440,16893.0,3823793.000748641,all
1999,FLA KEYS,IST PLAT,0.0,0.0,161,440,16893.0,3823793.000748641,all
1999,FLA KEYS,JEN SPE.,0.0,0.0,161,440,16893.0,3823793.000748641,all
1999,FLA KEYS,KYP SECT,1588138.3877661382,264916016358.8903,161,440,16893.0,3823793.000748641,all
1999,FLA KEYS,LAB BUCC,0.0,0.0,161,440,16893.0,3823793.000748641,all
1999,FLA KEYS,LAB FILA,0.0,0.0,161,440,16893.0,3823793.000748641,all
1999,FLA KEYS,LAB GOBI,0.0,0.0,161,440,16893.0,3823793.000748641,all
1999,FLA KEYS,LAB KALI,0.0,0.0,161,440,16893.0,3823793.000748641,all
1999,FLA KEYS,LAB NIGR,0.0,0.0,161,440,16893.0,3823793.000748641,all
1999,FLA KEYS,LAB NUCH,0.0,0.0,161,440,16893.0,3823793.000748641,all
1999,FLA KEYS,LAB SPE.,0.0,0.0,161,440,16893.0,3823793.000748641,all
1999,FLA KEYS,LAC BICA,39625.79585852576,537082245.0147296,161,440,16893.0,3823793.000748641,all
1999,FLA KEYS,LAC MAXI,2285927.73232447,57868673807.033264,161,440,16893.0,3823793.000748641,all
1999,FLA KEYS,LAC TRIG,9296.962493006533,76743105.9054149,161,440,16893.0,3823793.000748641,all
1999,FLA KEYS,LAC TRIQ,287382.5141524779,10354664501.517927,161,440,16893.0,3823793.000748641,all
1999,FLA KEYS,LAG RHOM,22105.22549947223,230743033.0672047,161,440,16893.0,3823793.000748641,all
1999,FLA KEYS,LIO EUKR,0.0,0.0,161,440,16893.0,3823793.000748641,all
1999,FLA KEYS,LIO MOWB,0.0,0.0,161,440,16893.0,3823793.000748641,all
1999,FLA KEYS,LIO RUBE,0.0,0.0,161,440,16893.0,3823793.000748641,all
1999,FLA KEYS,LUT ANAL,254879.40868809161,7687887274.368373,161,440,16893.0,3823793.000748641,all
1999,FLA KEYS,LUT APOD,2344049.043367449,464777462008.68396,161,440,16893.0,3823793.000748641,all
1999,FLA KEYS,LUT BUCC,0.0,0.0,161,440,16893.0,3823793.000748641,all
1999,FLA KEYS,LUT CYAN,11221.881632681412,82980966.58102678,161,440,16893.0,3823793.000748641,all
1999,FLA KEYS,LUT GRIS,10959156.833303476,3905460823335.296,161,440,16893.0,3823793.000748641,all
1999,FLA KEYS,LUT JOCU,72771.69923437397,4887080190.988078,161,440,16893.0,3823793.000748641,all
1999,FLA KEYS,LUT MAHO,67611.7562325369,1459235335.3294592,161,440,16893.0,3823793.000748641,all
1999,FLA KEYS,LUT SPE.,0.0,0.0,161,440,16893.0,3823793.000748641,all
1999,FLA KEYS,LUT SYNA,550702.8895227525,94983791261.36182,161,440,16893.0,3823793.000748641,all
1999,FLA KEYS,MAL AURO,0.0,0.0,161,440,16893.0,3823793.000748641,all
1999,FLA KEYS,MAL GILL,0.0,0.0,161,440,16893.0,3823793.000748641,all
1999,FLA KEYS,MAL MACR,4040.7913852904735,12466359.718607076,161,440,16893.0,3823793.000748641,all
1999,FLA KEYS,MAL PLUM,223108.27422662548,5541824091.460471,161,440,16893.0,3823793.000748641,all
1999,FLA KEYS,MAL TRIA,258373.21296738755,1843373950.2224078,161,440,16893.0,3823793.000748641,all
1999,FLA KEYS,MAL VERS,0.0,0.0,161,440,16893.0,3823793.000748641,all
1999,FLA KEYS,MAN BIRO,0.0,0.0,161,440,16893.0,3823793.000748641,all
1999,FLA KEYS,MEG ATLA,20288.897318654213,136795189.3063305,161,440,16893.0,3823793.000748641,all
1999,FLA KEYS,MEL NIGE,0.0,0.0,161,440,16893.0,3823793.000748641,all
1999,FLA KEYS,MIC CARR,0.0,0.0,161,440,16893.0,3823793.000748641,all
1999,FLA KEYS,MIC CHRY,431152.63168761256,16019856337.205698,161,440,16893.0,3823793.000748641,all
1999,FLA KEYS,MIC MICR,0.0,0.0,161,440,16893.0,3823793.000748641,all
1999,FLA KEYS,MON CILI,1761.3147035503086,3159028.0584688764,161,440,16893.0,3823793.000748641,all
1999,FLA KEYS,MON TUCK,59007.619376874776,591193901.8647566,161,440,16893.0,3823793.000748641,all
1999,FLA KEYS,MUL MART,748629.7848505372,100015304924.53362,161,440,16893.0,3823793.000748641,all
1999,FLA KEYS,MUR RETI,0.0,0.0,161,440,16893.0,3823793.000748641,all
1999,FLA KEYS,MYC ACUT,0.0,0.0,161,440,16893.0,3823793.000748641,all
1999,FLA KEYS,MYC BONA,457643.941856895,6149046099.476534,161,440,16893.0,3823793.000748641,all
1999,FLA KEYS,MYC INTE,51472.63210595243,717953378.4166653,161,440,16893.0,3823793.000748641,all
1999,FLA KEYS,MYC MICR,536.6773134797676,131686.29010082164,161,440,16893.0,3823793.000748641,all
1999,FLA KEYS,MYC PHEN,43525.22506876963,550332985.2480146,161,440,16893.0,3823793.000748641,all
1999,FLA KEYS,MYC TIGR,11052.612749736116,122123449.79230867,161,440,16893.0,3823793.000748641,all
1999,FLA KEYS,MYC VENE,8760.285179526765,76584802.98688126,161,440,16893.0,3823793.000748641,all
1999,FLA KEYS,MYR JACO,0.0,0.0,161,440,16893.0,3823793.000748641,all
1999,FLA KEYS,NAR BANC,0.0,0.0,161,440,16893.0,3823793.000748641,all
1999,FLA KEYS,NEG BREV,0.0,0.0,161,440,16893.0,3823793.000748641,all
1999,FLA KEYS,NEO MARI,0.0,0.0,161,440,16893.0,3823793.000748641,all
1999,FLA KEYS,NES LONG,0.0,0.0,161,440,16893.0,3823793.000748641,all
1999,FLA KEYS,NIC USTA,0.0,0.0,161,440,16893.0,3823793.000748641,all
1999,FLA KEYS,OCY CHRY,11576426.878505044,4588419308998.975,161,440,16893.0,3823793.000748641,all
1999,FLA KEYS,ODO DENT,103116.34660871398,2137486844.841463,161,440,16893.0,3823793.000748641,all
1999,FLA KEYS,OGC SPE.,0.0,0.0,161,440,16893.0,3823793.000748641,all
1999,FLA KEYS,OLI SAUR,0.0,0.0,161,440,16893.0,3823793.000748641,all
1999,FLA KEYS,OPH MACC,4176.3626142092635,4722739.576705385,161,440,16893.0,3823793.000748641,all
1999,FLA KEYS,OPI AURI,815255.3670171218,20190002619.490597,161,440,16893.0,3823793.000748641,all
1999,FLA KEYS,OPI MACR,0.0,0.0,161,440,16893.0,3823793.000748641,all
1999,FLA KEYS,OPI SPE.,0.0,0.0,161,440,16893.0,3823793.000748641,all
1999,FLA KEYS,OPI WHIT,268.3386567398838,78653.56867026951,161,440,16893.0,3823793.000748641,all
1999,FLA KEYS,ORT CHRY,0.0,0.0,161,440,16893.0,3823793.000748641,all
1999,FLA KEYS,OXY STIG,0.0,0.0,161,440,16893.0,3823793.000748641,all
1999,FLA KEYS,PAG PAGR,0.0,0.0,161,440,16893.0,3823793.000748641,all
1999,FLA KEYS,PAR ACUM,234829.19296048838,7642269687.467328,161,440,16893.0,3823793.000748641,all
1999,FLA KEYS,PAR ALBI,0.0,0.0,161,440,16893.0,3823793.000748641,all
1999,FLA KEYS,PAR BAIR,4480.774317027583,20036088.86869191,161,440,16893.0,3823793.000748641,all
1999,FLA KEYS,PAR FURC,0.0,0.0,161,440,16893.0,3823793.000748641,all
1999,FLA KEYS,PAR MARM,163597.29451812097,3084491331.3452373,161,440,16893.0,3823793.000748641,all
1999,FLA KEYS,PAR MARN,0.0,0.0,161,440,16893.0,3823793.000748641,all
1999,FLA KEYS,PAR NIGR,0.0,0.0,161,440,16893.0,3823793.000748641,all
1999,FLA KEYS,PAR UMBR,0.0,0.0,161,440,16893.0,3823793.000748641,all
1999,FLA KEYS,PEM SCHO,4837.350921957371,11484506.411203096,161,440,16893.0,3823793.000748641,all
1999,FLA KEYS,PHA XENU,0.0,0.0,161,440,16893.0,3823793.000748641,all
1999,FLA KEYS,POM ARCU,2646691.9890618995,71563940303.28511,161,440,16893.0,3823793.000748641,all
1999,FLA KEYS,POM PARU,377701.58991225855,5564069127.51349,161,440,16893.0,3823793.000748641,all
1999,FLA KEYS,PRI AQUI,0.0,0.0,161,440,16893.0,3823793.000748641,all
1999,FLA KEYS,PRI AREN,268.3386567398838,78653.56867026951,161,440,16893.0,3823793.000748641,all
1999,FLA KEYS,PRI HIPO,0.0,0.0,161,440,16893.0,3823793.000748641,all
1999,FLA KEYS,PRI OPHR,0.0,0.0,161,440,16893.0,3823793.000748641,all
1999,FLA KEYS,PRI PECT,0.0,0.0,161,440,16893.0,3823793.000748641,all
1999,FLA KEYS,PRO ACUL,0.0,0.0,161,440,16893.0,3823793.000748641,all
1999,FLA KEYS,PSE MACU,1283825.6260445265,65115987374.646416,161,440,16893.0,3823793.000748641,all
1999,FLA KEYS,PTE CALL,610111.6698869256,35494469939.90891,161,440,16893.0,3823793.000748641,all
1999,FLA KEYS,PTE HELE,45074.66544236899,671826183.7502961,161,440,16893.0,3823793.000748641,all
1999,FLA KEYS,PTE VOLI,0.0,0.0,161,440,16893.0,3823793.000748641,all
1999,FLA KEYS,RAC CANA,0.0,0.0,161,440,16893.0,3823793.000748641,all
1999,FLA KEYS,REM REMO,0.0,0.0,161,440,16893.0,3823793.000748641,all
1999,FLA KEYS,RHO AURO,0.0,0.0,161,440,16893.0,3823793.000748641,all
1999,FLA KEYS,RYP MACU,0.0,0.0,161,440,16893.0,3823793.000748641,all
1999,FLA KEYS,RYP SAPO,4023.735948079826,15150594.917002968,161,440,16893.0,3823793.000748641,all
1999,FLA KEYS,SAR AURI,0.0,0.0,161,440,16893.0,3823793.000748641,all
1999,FLA KEYS,SAR CORU,0.0,0.0,161,440,16893.0,3823793.000748641,all
1999,FLA KEYS,SAR VEXI,1492.0978475701852,2245324.7405624553,161,440,16893.0,3823793.000748641,all
1999,FLA KEYS,SCA COEL,525578.9706234958,33113136157.746155,161,440,16893.0,3823793.000748641,all
1999,FLA KEYS,SCA COER,513838.82158246357,12049497639.873798,161,440,16893.0,3823793.000748641,all
1999,FLA KEYS,SCA CRIS,1273.2395447351628,1644277.284197297,161,440,16893.0,3823793.000748641,all
1999,FLA KEYS,SCA GUAC,537944.936921088,29853401389.216553,161,440,16893.0,3823793.000748641,all
1999,FLA KEYS,SCA ISER,22523420.540218186,3553742592007.4556,161,440,16893.0,3823793.000748641,all
1999,FLA KEYS,SCA SPE.,16020.913067194488,65132611.69571237,161,440,16893.0,3823793.000748641,all
1999,FLA KEYS,SCA TAEN,547159.0879833958,27329425637.986652,161,440,16893.0,3823793.000748641,all
1999,FLA KEYS,SCA VETU,254370.89138536362,3378387513.7488875,161,440,16893.0,3823793.000748641,all
1999,FLA KEYS,SCH BETA,0.0,0.0,161,440,16893.0,3823793.000748641,all
1999,FLA KEYS,SCO CARI,0.0,0.0,161,440,16893.0,3823793.000748641,all
1999,FLA KEYS,SCO CAVA,0.0,0.0,161,440,16893.0,3823793.000748641,all
1999,FLA KEYS,SCO MACU,0.0,0.0,161,440,16893.0,3823793.000748641,all
1999,FLA KEYS,SCO PLUM,17029.994389000032,108109219.54054125,161,440,16893.0,3823793.000748641,all
1999,FLA KEYS,SCO REGA,20335.388105263737,312984058.25513,161,440,16893.0,3823793.000748641,all
1999,FLA KEYS,SEL VOME,0.0,0.0,161,440,16893.0,3823793.000748641,all
1999,FLA KEYS,SER ANNU,0.0,0.0,161,440,16893.0,3823793.000748641,all
1999,FLA KEYS,SER BALD,407985.17065084487,12117011116.40998,161,440,16893.0,3823793.000748641,all
1999,FLA KEYS,SER DUME,14524.36221401593,210928048.99950564,161,440,16893.0,3823793.000748641,all
1999,FLA KEYS,SER PHOE,0.0,0.0,161,440,16893.0,3823793.000748641,all
1999,FLA KEYS,SER RIVO,0.0,0.0,161,440,16893.0,3823793.000748641,all
1999,FLA KEYS,SER SPE.,0.0,0.0,161,440,16893.0,3823793.000748641,all
1999,FLA KEYS,SER SUBL,0.0,0.0,161,440,16893.0,3823793.000748641,all
1999,FLA KEYS,SER TABA,311145.67798949685,6004945670.555104,161,440,16893.0,3823793.000748641,all
1999,FLA KEYS,SER TIGR,1221056.4055147904,15887978617.312794,161,440,16893.0,3823793.000748641,all
1999,FLA KEYS,SER TORT,0.0,0.0,161,440,16893.0,3823793.000748641,all
1999,FLA KEYS,SPA ATOM,1482105.3330284602,70752469525.79366,161,440,16893.0,3823793.000748641,all
1999,FLA KEYS,SPA AURO,11293872.241360508,828025854700.0332,161,440,16893.0,3823793.000748641,all
1999,FLA KEYS,SPA CHRY,2499491.694776384,263389292555.06268,161,440,16893.0,3823793.000748641,all
1999,FLA KEYS,SPA RADI,48281.442092231795,687193008.2369887,161,440,16893.0,3823793.000748641,all
1999,FLA KEYS,SPA RUBR,905386.720597493,40972047727.263275,161,440,16893.0,3823793.000748641,all
1999,FLA KEYS,SPA SPE.,0.0,0.0,161,440,16893.0,3823793.000748641,all
1999,FLA KEYS,SPA VIRI,4182937.849443109,289299459574.83636,161,440,16893.0,3823793.000748641,all
1999,FLA KEYS,SPH BARR,549067.4188336809,31047462789.653698,161,440,16893.0,3823793.000748641,all
1999,FLA KEYS,SPH GUAC,0.0,0.0,161,440,16893.0,3823793.000748641,all
1999,FLA KEYS,SPH LEWI,3889.5666197098844,15130931.5248354,161,440,16893.0,3823793.000748641,all
1999,FLA KEYS,SPH MOKA,0.0,0.0,161,440,16893.0,3823793.000748641,all
1999,FLA KEYS,SPH PICU,0.0,0.0,161,440,16893.0,3823793.000748641,all
1999,FLA KEYS,SPH SPEN,4157.905276449768,15198668.695651188,161,440,16893.0,3823793.000748641,all
1999,FLA KEYS,SPH TEST,0.0,0.0,161,440,16893.0,3823793.000748641,all
1999,FLA KEYS,SPH TIBU,0.0,0.0,161,440,16893.0,3823793.000748641,all
1999,FLA KEYS,SRR SPE.,0.0,0.0,161,440,16893.0,3823793.000748641,all
1999,FLA KEYS,STE ADUS,660078.9762423214,15466281145.090813,161,440,16893.0,3823793.000748641,all
1999,FLA KEYS,STE DIEN,199380.84666443142,35308400892.99788,161,440,16893.0,3823793.000748641,all
1999,FLA KEYS,STE HISP,4380.142589763383,19230685.070267454,161,440,16893.0,3823793.000748641,all
1999,FLA KEYS,STE LEUC,706812.4963704215,12664362081.566847,161,440,16893.0,3823793.000748641,all
1999,FLA KEYS,STE PART,43378199.16625497,31119790103020.664,161,440,16893.0,3823793.000748641,all
1999,FLA KEYS,STE PLAN,2779682.938999826,189070449567.54193,161,440,16893.0,3823793.000748641,all
1999,FLA KEYS,STE SPE.,0.0,0.0,161,440,16893.0,3823793.000748641,all
1999,FLA KEYS,STE VARI,4298291.181640469,397501281301.95374,161,440,16893.0,3823793.000748641,all
1999,FLA KEYS,STR NOTA,0.0,0.0,161,440,16893.0,3823793.000748641,all
1999,FLA KEYS,STR TIMU,0.0,0.0,161,440,16893.0,3823793.000748641,all
1999,FLA KEYS,SYA MICR,0.0,0.0,161,440,16893.0,3823793.000748641,all
1999,FLA KEYS,SYN FOET,0.0,0.0,161,440,16893.0,3823793.000748641,all
1999,FLA KEYS,SYN INTE,43801.425897633824,511923637.086849,161,440,16893.0,3823793.000748641,all
1999,FLA KEYS,SYN SCOV,0.0,0.0,161,440,16893.0,3823793.000748641,all
1999,FLA KEYS,SYN SYNO,0.0,0.0,161,440,16893.0,3823793.000748641,all
1999,FLA KEYS,THA BIFA,58864621.2611511,23943800271598.58,161,440,16893.0,3823793.000748641,all
1999,FLA KEYS,TRA FALC,119.14236359250839,14429.442409661686,161,440,16893.0,3823793.000748641,all
1999,FLA KEYS,TYL CROC,536.6773134797676,131686.29010082164,161,440,16893.0,3823793.000748641,all
1999,FLA KEYS,UNK SPE.,14254017.118139867,128486607889629.8,161,440,16893.0,3823793.000748641,all
1999,FLA KEYS,URO JAMA,236916.69914261412,2758203337.6698523,161,440,16893.0,3823793.000748641,all
1999,FLA KEYS,XYR MART,13854.00333107677,139219955.81683263,161,440,16893.0,3823793.000748641,all
1999,FLA KEYS,XYR NOVA,0.0,0.0,161,440,16893.0,3823793.000748641,all
1999,FLA KEYS,XYR SPE.,189516.12184986082,25950641153.68993,161,440,16893.0,3823793.000748641,all
1999,FLA KEYS,XYR SPLE,205105.96305359586,5227912563.440996,161,440,16893.0,3823793.000748641,all
